initialRegeneration,time,Down > 0
Up Clock @ waitClock|0,0,0.000000000
Up Clock @ waitClock|0,2,0.000009885
Up Clock @ waitClock|0,4,0.000039400
Up Clock @ waitClock|0,6,0.000088335
Up Clock @ waitClock|0,8,0.000156483
Up Clock @ waitClock|0,10,0.000243636
Up Clock @ waitClock|0,12,0.000349591
Up Clock @ waitClock|0,14,0.000474145
Up Clock @ waitClock|0,16,0.000617097
Up Clock @ waitClock|0,18,0.000778250
Up Clock @ waitClock|0,20,0.000957405
Up Clock @ waitClock|0,22,0.001154367
Up Clock @ waitClock|0,24,0.001368942
Up Clock @ waitClock|0,26,0.001600939
Up Clock @ waitClock|0,28,0.001850168
Up Clock @ waitClock|0,30,0.002116439
Up Clock @ waitClock|0,32,0.002399566
Up Clock @ waitClock|0,34,0.002699364
Up Clock @ waitClock|0,36,0.003015649
Up Clock @ waitClock|0,38,0.003348238
Up Clock @ waitClock|0,40,0.003696953
Up Clock @ waitClock|0,42,0.004061614
Up Clock @ waitClock|0,44,0.004442044
Up Clock @ waitClock|0,46,0.004838067
Up Clock @ waitClock|0,48,0.005249509
Up Clock @ waitClock|0,50,0.005676199
Up Clock @ waitClock|0,52,0.006117964
Up Clock @ waitClock|0,54,0.006574637
Up Clock @ waitClock|0,56,0.007046047
Up Clock @ waitClock|0,58,0.007532031
Up Clock @ waitClock|0,60,0.008032422
Up Clock @ waitClock|0,62,0.008547057
Up Clock @ waitClock|0,64,0.009075774
Up Clock @ waitClock|0,66,0.009618412
Up Clock @ waitClock|0,68,0.010174814
Up Clock @ waitClock|0,70,0.010744820
Up Clock @ waitClock|0,72,0.011328274
Up Clock @ waitClock|0,74,0.011925023
Up Clock @ waitClock|0,76,0.012534912
Up Clock @ waitClock|0,78,0.013157789
Up Clock @ waitClock|0,80,0.013793504
Up Clock @ waitClock|0,82,0.014441907
Up Clock @ waitClock|0,84,0.015102851
Up Clock @ waitClock|0,86,0.015776187
Up Clock @ waitClock|0,88,0.016461773
Up Clock @ waitClock|0,90,0.017159462
Up Clock @ waitClock|0,92,0.017869112
Up Clock @ waitClock|0,94,0.018590582
Up Clock @ waitClock|0,96,0.019323732
Up Clock @ waitClock|0,98,0.020068423
Up Clock @ waitClock|0,100,0.020824517
Up Clock @ waitClock|0,102,0.021591877
Up Clock @ waitClock|0,104,0.022370369
Up Clock @ waitClock|0,106,0.023159858
Up Clock @ waitClock|0,108,0.023960211
Up Clock @ waitClock|0,110,0.024771298
Up Clock @ waitClock|0,112,0.025592987
Up Clock @ waitClock|0,114,0.026425150
Up Clock @ waitClock|0,116,0.027267658
Up Clock @ waitClock|0,118,0.028120385
Up Clock @ waitClock|0,120,0.028983204
Up Clock @ waitClock|0,122,0.029855992
Up Clock @ waitClock|0,124,0.030738624
Up Clock @ waitClock|0,126,0.031630979
Up Clock @ waitClock|0,128,0.032532935
Up Clock @ waitClock|0,130,0.033444371
Up Clock @ waitClock|0,132,0.034365170
Up Clock @ waitClock|0,134,0.035295213
Up Clock @ waitClock|0,136,0.036234384
Up Clock @ waitClock|0,138,0.037182565
Up Clock @ waitClock|0,140,0.038139643
Up Clock @ waitClock|0,142,0.039105505
Up Clock @ waitClock|0,144,0.040080036
Up Clock @ waitClock|0,146,0.041063126
Up Clock @ waitClock|0,148,0.042054665
Up Clock @ waitClock|0,150,0.043054541
Up Clock @ waitClock|0,152,0.044062648
Up Clock @ waitClock|0,154,0.045078876
Up Clock @ waitClock|0,156,0.046103121
Up Clock @ waitClock|0,158,0.047135275
Up Clock @ waitClock|0,160,0.048175235
Up Clock @ waitClock|0,162,0.049222896
Up Clock @ waitClock|0,164,0.050278156
Up Clock @ waitClock|0,166,0.051340914
Up Clock @ waitClock|0,168,0.052411067
Up Clock @ waitClock|0,170,0.053488517
Up Clock @ waitClock|0,172,0.054573164
Up Clock @ waitClock|0,174,0.055664910
Up Clock @ waitClock|0,176,0.056763658
Up Clock @ waitClock|0,178,0.057869311
Up Clock @ waitClock|0,180,0.058981775
Up Clock @ waitClock|0,182,0.060100955
Up Clock @ waitClock|0,184,0.061226756
Up Clock @ waitClock|0,186,0.062359087
Up Clock @ waitClock|0,188,0.063497855
Up Clock @ waitClock|0,190,0.064642969
Up Clock @ waitClock|0,192,0.065794339
Up Clock @ waitClock|0,194,0.066951876
Up Clock @ waitClock|0,196,0.068115491
Up Clock @ waitClock|0,198,0.069285096
Up Clock @ waitClock|0,200,0.070460605
Up Clock @ waitClock|0,202,0.071641930
Up Clock @ waitClock|0,204,0.072828988
Up Clock @ waitClock|0,206,0.074021693
Up Clock @ waitClock|0,208,0.075219962
Up Clock @ waitClock|0,210,0.076423712
Up Clock @ waitClock|0,212,0.077632860
Up Clock @ waitClock|0,214,0.078847325
Up Clock @ waitClock|0,216,0.080067027
Up Clock @ waitClock|0,218,0.081291886
Up Clock @ waitClock|0,220,0.082521822
Up Clock @ waitClock|0,222,0.083756758
Up Clock @ waitClock|0,224,0.084996615
Up Clock @ waitClock|0,226,0.086241316
Up Clock @ waitClock|0,228,0.087490786
Up Clock @ waitClock|0,230,0.088744949
Up Clock @ waitClock|0,232,0.090003730
Up Clock @ waitClock|0,234,0.091267056
Up Clock @ waitClock|0,236,0.092534852
Up Clock @ waitClock|0,238,0.093807046
Up Clock @ waitClock|0,240,0.095083566
Up Clock @ waitClock|0,242,0.096364341
Up Clock @ waitClock|0,244,0.097649301
Up Clock @ waitClock|0,246,0.098938374
Up Clock @ waitClock|0,248,0.100231493
Up Clock @ waitClock|0,250,0.101528587
Up Clock @ waitClock|0,252,0.102829591
Up Clock @ waitClock|0,254,0.104134435
Up Clock @ waitClock|0,256,0.105443054
Up Clock @ waitClock|0,258,0.106755380
Up Clock @ waitClock|0,260,0.108071350
Up Clock @ waitClock|0,262,0.109390898
Up Clock @ waitClock|0,264,0.110713960
Up Clock @ waitClock|0,266,0.112040472
Up Clock @ waitClock|0,268,0.113370372
Up Clock @ waitClock|0,270,0.114703596
Up Clock @ waitClock|0,272,0.116040084
Up Clock @ waitClock|0,274,0.117379774
Up Clock @ waitClock|0,276,0.118722606
Up Clock @ waitClock|0,278,0.120068519
Up Clock @ waitClock|0,280,0.121417455
Up Clock @ waitClock|0,282,0.122769354
Up Clock @ waitClock|0,284,0.124124158
Up Clock @ waitClock|0,286,0.125481809
Up Clock @ waitClock|0,288,0.126842251
Up Clock @ waitClock|0,290,0.128205426
Up Clock @ waitClock|0,292,0.129571279
Up Clock @ waitClock|0,294,0.130939754
Up Clock @ waitClock|0,296,0.132310797
Up Clock @ waitClock|0,298,0.133684352
Up Clock @ waitClock|0,300,0.135060366
Up Clock @ waitClock|0,302,0.136438786
Up Clock @ waitClock|0,304,0.137819559
Up Clock @ waitClock|0,306,0.139202631
Up Clock @ waitClock|0,308,0.140587953
Up Clock @ waitClock|0,310,0.141975471
Up Clock @ waitClock|0,312,0.143365137
Up Clock @ waitClock|0,314,0.144756898
Up Clock @ waitClock|0,316,0.146150706
Up Clock @ waitClock|0,318,0.147546510
Up Clock @ waitClock|0,320,0.148944263
Up Clock @ waitClock|0,322,0.150343916
Up Clock @ waitClock|0,324,0.151745421
Up Clock @ waitClock|0,326,0.153148731
Up Clock @ waitClock|0,328,0.154553798
Up Clock @ waitClock|0,330,0.155960576
Up Clock @ waitClock|0,332,0.157369020
Up Clock @ waitClock|0,334,0.158779083
Up Clock @ waitClock|0,336,0.160190721
Up Clock @ waitClock|0,338,0.161603889
Up Clock @ waitClock|0,340,0.163018543
Up Clock @ waitClock|0,342,0.164434638
Up Clock @ waitClock|0,344,0.165852132
Up Clock @ waitClock|0,346,0.167270983
Up Clock @ waitClock|0,348,0.168691146
Up Clock @ waitClock|0,350,0.170112581
Up Clock @ waitClock|0,352,0.171535245
Up Clock @ waitClock|0,354,0.172959098
Up Clock @ waitClock|0,356,0.174384099
Up Clock @ waitClock|0,358,0.175810208
Up Clock @ waitClock|0,360,0.177237383
Up Clock @ waitClock|0,362,0.178665587
Up Clock @ waitClock|0,364,0.180094780
Up Clock @ waitClock|0,366,0.181524922
Up Clock @ waitClock|0,368,0.182955977
Up Clock @ waitClock|0,370,0.184387905
Up Clock @ waitClock|0,372,0.185820669
Up Clock @ waitClock|0,374,0.187254232
Up Clock @ waitClock|0,376,0.188688558
Up Clock @ waitClock|0,378,0.190123609
Up Clock @ waitClock|0,380,0.191559350
Up Clock @ waitClock|0,382,0.192995744
Up Clock @ waitClock|0,384,0.194432758
Up Clock @ waitClock|0,386,0.195870355
Up Clock @ waitClock|0,388,0.197308502
Up Clock @ waitClock|0,390,0.198747163
Up Clock @ waitClock|0,392,0.200186306
Up Clock @ waitClock|0,394,0.201625896
Up Clock @ waitClock|0,396,0.203065900
Up Clock @ waitClock|0,398,0.204506286
Up Clock @ waitClock|0,400,0.205947020
Up Clock @ waitClock|0,402,0.207388072
Up Clock @ waitClock|0,404,0.208829409
Up Clock @ waitClock|0,406,0.210270999
Up Clock @ waitClock|0,408,0.211712811
Up Clock @ waitClock|0,410,0.213154816
Up Clock @ waitClock|0,412,0.214596981
Up Clock @ waitClock|0,414,0.216039277
Up Clock @ waitClock|0,416,0.217481674
Up Clock @ waitClock|0,418,0.218924143
Up Clock @ waitClock|0,420,0.220366654
Up Clock @ waitClock|0,422,0.220366654
Up Clock @ waitClock|0,424,0.220371956
Up Clock @ waitClock|0,426,0.220389433
Up Clock @ waitClock|0,428,0.220421113
Up Clock @ waitClock|0,430,0.220467523
Up Clock @ waitClock|0,432,0.220528720
Up Clock @ waitClock|0,434,0.220604615
Up Clock @ waitClock|0,436,0.220695072
Up Clock @ waitClock|0,438,0.220799941
Up Clock @ waitClock|0,440,0.220919070
Up Clock @ waitClock|0,442,0.221052304
Up Clock @ waitClock|0,444,0.221199490
Up Clock @ waitClock|0,446,0.221360478
Up Clock @ waitClock|0,448,0.221535117
Up Clock @ waitClock|0,450,0.221723258
Up Clock @ waitClock|0,452,0.221924754
Up Clock @ waitClock|0,454,0.222139458
Up Clock @ waitClock|0,456,0.222367225
Up Clock @ waitClock|0,458,0.222607911
Up Clock @ waitClock|0,460,0.222861375
Up Clock @ waitClock|0,462,0.223127474
Up Clock @ waitClock|0,464,0.223406070
Up Clock @ waitClock|0,466,0.223697023
Up Clock @ waitClock|0,468,0.224000195
Up Clock @ waitClock|0,470,0.224315452
Up Clock @ waitClock|0,472,0.224642656
Up Clock @ waitClock|0,474,0.224981676
Up Clock @ waitClock|0,476,0.225332378
Up Clock @ waitClock|0,478,0.225694631
Up Clock @ waitClock|0,480,0.226068305
Up Clock @ waitClock|0,482,0.226453270
Up Clock @ waitClock|0,484,0.226849399
Up Clock @ waitClock|0,486,0.227256564
Up Clock @ waitClock|0,488,0.227674641
Up Clock @ waitClock|0,490,0.228103504
Up Clock @ waitClock|0,492,0.228543031
Up Clock @ waitClock|0,494,0.228993098
Up Clock @ waitClock|0,496,0.229453585
Up Clock @ waitClock|0,498,0.229924371
Up Clock @ waitClock|0,500,0.230405338
Up Clock @ waitClock|0,502,0.230896368
Up Clock @ waitClock|0,504,0.231397343
Up Clock @ waitClock|0,506,0.231908148
Up Clock @ waitClock|0,508,0.232428667
Up Clock @ waitClock|0,510,0.232958788
Up Clock @ waitClock|0,512,0.233498397
Up Clock @ waitClock|0,514,0.234047382
Up Clock @ waitClock|0,516,0.234605633
Up Clock @ waitClock|0,518,0.235173040
Up Clock @ waitClock|0,520,0.235749495
Up Clock @ waitClock|0,522,0.236334888
Up Clock @ waitClock|0,524,0.236929114
Up Clock @ waitClock|0,526,0.237532067
Up Clock @ waitClock|0,528,0.238143642
Up Clock @ waitClock|0,530,0.238763735
Up Clock @ waitClock|0,532,0.239392242
Up Clock @ waitClock|0,534,0.240029063
Up Clock @ waitClock|0,536,0.240674095
Up Clock @ waitClock|0,538,0.241327238
Up Clock @ waitClock|0,540,0.241988393
Up Clock @ waitClock|0,542,0.242657462
Up Clock @ waitClock|0,544,0.243334347
Up Clock @ waitClock|0,546,0.244018952
Up Clock @ waitClock|0,548,0.244711180
Up Clock @ waitClock|0,550,0.245410937
Up Clock @ waitClock|0,552,0.246118128
Up Clock @ waitClock|0,554,0.246832661
Up Clock @ waitClock|0,556,0.247554444
Up Clock @ waitClock|0,558,0.248283383
Up Clock @ waitClock|0,560,0.249019390
Up Clock @ waitClock|0,562,0.249762374
Up Clock @ waitClock|0,564,0.250512246
Up Clock @ waitClock|0,566,0.251268918
Up Clock @ waitClock|0,568,0.252032303
Up Clock @ waitClock|0,570,0.252802313
Up Clock @ waitClock|0,572,0.253578864
Up Clock @ waitClock|0,574,0.254361870
Up Clock @ waitClock|0,576,0.255151246
Up Clock @ waitClock|0,578,0.255946910
Up Clock @ waitClock|0,580,0.256748779
Up Clock @ waitClock|0,582,0.257556770
Up Clock @ waitClock|0,584,0.258370803
Up Clock @ waitClock|0,586,0.259190796
Up Clock @ waitClock|0,588,0.260016672
Up Clock @ waitClock|0,590,0.260848349
Up Clock @ waitClock|0,592,0.261685751
Up Clock @ waitClock|0,594,0.262528799
Up Clock @ waitClock|0,596,0.263377418
Up Clock @ waitClock|0,598,0.264231529
Up Clock @ waitClock|0,600,0.265091059
Up Clock @ waitClock|0,602,0.265955933
Up Clock @ waitClock|0,604,0.266826076
Up Clock @ waitClock|0,606,0.267701416
Up Clock @ waitClock|0,608,0.268581879
Up Clock @ waitClock|0,610,0.269467394
Up Clock @ waitClock|0,612,0.270357888
Up Clock @ waitClock|0,614,0.271253293
Up Clock @ waitClock|0,616,0.272153537
Up Clock @ waitClock|0,618,0.273058552
Up Clock @ waitClock|0,620,0.273968268
Up Clock @ waitClock|0,622,0.274882617
Up Clock @ waitClock|0,624,0.275801533
Up Clock @ waitClock|0,626,0.276724948
Up Clock @ waitClock|0,628,0.277652796
Up Clock @ waitClock|0,630,0.278585012
Up Clock @ waitClock|0,632,0.279521531
Up Clock @ waitClock|0,634,0.280462288
Up Clock @ waitClock|0,636,0.281407219
Up Clock @ waitClock|0,638,0.282356262
Up Clock @ waitClock|0,640,0.283309353
Up Clock @ waitClock|0,642,0.284266432
Up Clock @ waitClock|0,644,0.285227436
Up Clock @ waitClock|0,646,0.286192305
Up Clock @ waitClock|0,648,0.287160979
Up Clock @ waitClock|0,650,0.288133397
Up Clock @ waitClock|0,652,0.289109501
Up Clock @ waitClock|0,654,0.290089232
Up Clock @ waitClock|0,656,0.291072533
Up Clock @ waitClock|0,658,0.292059345
Up Clock @ waitClock|0,660,0.293049613
Up Clock @ waitClock|0,662,0.294043278
Up Clock @ waitClock|0,664,0.295040287
Up Clock @ waitClock|0,666,0.296040583
Up Clock @ waitClock|0,668,0.297044111
Up Clock @ waitClock|0,670,0.298050818
Up Clock @ waitClock|0,672,0.299060649
Up Clock @ waitClock|0,674,0.300073552
Up Clock @ waitClock|0,676,0.301089474
Up Clock @ waitClock|0,678,0.302108362
Up Clock @ waitClock|0,680,0.303130164
Up Clock @ waitClock|0,682,0.304154831
Up Clock @ waitClock|0,684,0.305182310
Up Clock @ waitClock|0,686,0.306212551
Up Clock @ waitClock|0,688,0.307245505
Up Clock @ waitClock|0,690,0.308281123
Up Clock @ waitClock|0,692,0.309319356
Up Clock @ waitClock|0,694,0.310360154
Up Clock @ waitClock|0,696,0.311403471
Up Clock @ waitClock|0,698,0.312449259
Up Clock @ waitClock|0,700,0.313497471
Up Clock @ waitClock|0,702,0.314548060
Up Clock @ waitClock|0,704,0.315600981
Up Clock @ waitClock|0,706,0.316656188
Up Clock @ waitClock|0,708,0.317713635
Up Clock @ waitClock|0,710,0.318773277
Up Clock @ waitClock|0,712,0.319835072
Up Clock @ waitClock|0,714,0.320898974
Up Clock @ waitClock|0,716,0.321964940
Up Clock @ waitClock|0,718,0.323032928
Up Clock @ waitClock|0,720,0.324102894
Up Clock @ waitClock|0,722,0.325174796
Up Clock @ waitClock|0,724,0.326248593
Up Clock @ waitClock|0,726,0.327324242
Up Clock @ waitClock|0,728,0.328401705
Up Clock @ waitClock|0,730,0.329480938
Up Clock @ waitClock|0,732,0.330561903
Up Clock @ waitClock|0,734,0.331644560
Up Clock @ waitClock|0,736,0.332728869
Up Clock @ waitClock|0,738,0.333814791
Up Clock @ waitClock|0,740,0.334902288
Up Clock @ waitClock|0,742,0.335991321
Up Clock @ waitClock|0,744,0.337081853
Up Clock @ waitClock|0,746,0.338173846
Up Clock @ waitClock|0,748,0.339267262
Up Clock @ waitClock|0,750,0.340362066
Up Clock @ waitClock|0,752,0.341458220
Up Clock @ waitClock|0,754,0.342555689
Up Clock @ waitClock|0,756,0.343654438
Up Clock @ waitClock|0,758,0.344754430
Up Clock @ waitClock|0,760,0.345855630
Up Clock @ waitClock|0,762,0.346958005
Up Clock @ waitClock|0,764,0.348061520
Up Clock @ waitClock|0,766,0.349166141
Up Clock @ waitClock|0,768,0.350271834
Up Clock @ waitClock|0,770,0.351378566
Up Clock @ waitClock|0,772,0.352486304
Up Clock @ waitClock|0,774,0.353595016
Up Clock @ waitClock|0,776,0.354704670
Up Clock @ waitClock|0,778,0.355815232
Up Clock @ waitClock|0,780,0.356926673
Up Clock @ waitClock|0,782,0.358038960
Up Clock @ waitClock|0,784,0.359152063
Up Clock @ waitClock|0,786,0.360265951
Up Clock @ waitClock|0,788,0.361380593
Up Clock @ waitClock|0,790,0.362495960
Up Clock @ waitClock|0,792,0.363612021
Up Clock @ waitClock|0,794,0.364728748
Up Clock @ waitClock|0,796,0.365846111
Up Clock @ waitClock|0,798,0.366964081
Up Clock @ waitClock|0,800,0.368082631
Up Clock @ waitClock|0,802,0.369201731
Up Clock @ waitClock|0,804,0.370321353
Up Clock @ waitClock|0,806,0.371441471
Up Clock @ waitClock|0,808,0.372562056
Up Clock @ waitClock|0,810,0.373683082
Up Clock @ waitClock|0,812,0.374804521
Up Clock @ waitClock|0,814,0.375926348
Up Clock @ waitClock|0,816,0.377048535
Up Clock @ waitClock|0,818,0.378171057
Up Clock @ waitClock|0,820,0.379293889
Up Clock @ waitClock|0,822,0.380417004
Up Clock @ waitClock|0,824,0.381540378
Up Clock @ waitClock|0,826,0.382663985
Up Clock @ waitClock|0,828,0.383787801
Up Clock @ waitClock|0,830,0.384911802
Up Clock @ waitClock|0,832,0.386035963
Up Clock @ waitClock|0,834,0.387160261
Up Clock @ waitClock|0,836,0.388284672
Up Clock @ waitClock|0,838,0.389409172
Up Clock @ waitClock|0,840,0.390533738
Up Clock @ waitClock|0,842,0.391658348
Up Clock @ waitClock|0,844,0.392009233
Up Clock @ waitClock|0,846,0.392122759
Up Clock @ waitClock|0,848,0.392168250
Up Clock @ waitClock|0,850,0.392199729
Up Clock @ waitClock|0,852,0.392234545
Up Clock @ waitClock|0,854,0.392278255
Up Clock @ waitClock|0,856,0.392332594
Up Clock @ waitClock|0,858,0.392398049
Up Clock @ waitClock|0,860,0.392474699
Up Clock @ waitClock|0,862,0.392562489
Up Clock @ waitClock|0,864,0.392661321
Up Clock @ waitClock|0,866,0.392771082
Up Clock @ waitClock|0,868,0.392891656
Up Clock @ waitClock|0,870,0.393022926
Up Clock @ waitClock|0,872,0.393164776
Up Clock @ waitClock|0,874,0.393317090
Up Clock @ waitClock|0,876,0.393479754
Up Clock @ waitClock|0,878,0.393652654
Up Clock @ waitClock|0,880,0.393835679
Up Clock @ waitClock|0,882,0.394028715
Up Clock @ waitClock|0,884,0.394231654
Up Clock @ waitClock|0,886,0.394444384
Up Clock @ waitClock|0,888,0.394666799
Up Clock @ waitClock|0,890,0.394898789
Up Clock @ waitClock|0,892,0.395140249
Up Clock @ waitClock|0,894,0.395391073
Up Clock @ waitClock|0,896,0.395651156
Up Clock @ waitClock|0,898,0.395920395
Up Clock @ waitClock|0,900,0.396198685
Up Clock @ waitClock|0,902,0.396485926
Up Clock @ waitClock|0,904,0.396782017
Up Clock @ waitClock|0,906,0.397086857
Up Clock @ waitClock|0,908,0.397400347
Up Clock @ waitClock|0,910,0.397722388
Up Clock @ waitClock|0,912,0.398052883
Up Clock @ waitClock|0,914,0.398391737
Up Clock @ waitClock|0,916,0.398738851
Up Clock @ waitClock|0,918,0.399094133
Up Clock @ waitClock|0,920,0.399457487
Up Clock @ waitClock|0,922,0.399828821
Up Clock @ waitClock|0,924,0.400208043
Up Clock @ waitClock|0,926,0.400595059
Up Clock @ waitClock|0,928,0.400989781
Up Clock @ waitClock|0,930,0.401392118
Up Clock @ waitClock|0,932,0.401801981
Up Clock @ waitClock|0,934,0.402219282
Up Clock @ waitClock|0,936,0.402643933
Up Clock @ waitClock|0,938,0.403075847
Up Clock @ waitClock|0,940,0.403514939
Up Clock @ waitClock|0,942,0.403961123
Up Clock @ waitClock|0,944,0.404414315
Up Clock @ waitClock|0,946,0.404874432
Up Clock @ waitClock|0,948,0.405341390
Up Clock @ waitClock|0,950,0.405815107
Up Clock @ waitClock|0,952,0.406295503
Up Clock @ waitClock|0,954,0.406782496
Up Clock @ waitClock|0,956,0.407276006
Up Clock @ waitClock|0,958,0.407775954
Up Clock @ waitClock|0,960,0.408282262
Up Clock @ waitClock|0,962,0.408794852
Up Clock @ waitClock|0,964,0.409313647
Up Clock @ waitClock|0,966,0.409838571
Up Clock @ waitClock|0,968,0.410369547
Up Clock @ waitClock|0,970,0.410906501
Up Clock @ waitClock|0,972,0.411449359
Up Clock @ waitClock|0,974,0.411998047
Up Clock @ waitClock|0,976,0.412552492
Up Clock @ waitClock|0,978,0.413112621
Up Clock @ waitClock|0,980,0.413678364
Up Clock @ waitClock|0,982,0.414249649
Up Clock @ waitClock|0,984,0.414826405
Up Clock @ waitClock|0,986,0.415408563
Up Clock @ waitClock|0,988,0.415996055
Up Clock @ waitClock|0,990,0.416588811
Up Clock @ waitClock|0,992,0.417186764
Up Clock @ waitClock|0,994,0.417789846
Up Clock @ waitClock|0,996,0.418397991
Up Clock @ waitClock|0,998,0.419011133
Up Clock @ waitClock|0,1000,0.419629207
Up Clock @ waitClock|0,1002,0.420252148
Up Clock @ waitClock|0,1004,0.420879892
Up Clock @ waitClock|0,1006,0.421512375
Up Clock @ waitClock|0,1008,0.422149534
Up Clock @ waitClock|0,1010,0.422791307
Up Clock @ waitClock|0,1012,0.423437632
Up Clock @ waitClock|0,1014,0.424088448
Up Clock @ waitClock|0,1016,0.424743693
Up Clock @ waitClock|0,1018,0.425403309
Up Clock @ waitClock|0,1020,0.426067234
Up Clock @ waitClock|0,1022,0.426735411
Up Clock @ waitClock|0,1024,0.427407781
Up Clock @ waitClock|0,1026,0.428084286
Up Clock @ waitClock|0,1028,0.428764867
Up Clock @ waitClock|0,1030,0.429449470
Up Clock @ waitClock|0,1032,0.430138036
Up Clock @ waitClock|0,1034,0.430830511
Up Clock @ waitClock|0,1036,0.431526839
Up Clock @ waitClock|0,1038,0.432226965
Up Clock @ waitClock|0,1040,0.432930834
Up Clock @ waitClock|0,1042,0.433638394
Up Clock @ waitClock|0,1044,0.434349591
Up Clock @ waitClock|0,1046,0.435064372
Up Clock @ waitClock|0,1048,0.435782684
Up Clock @ waitClock|0,1050,0.436504476
Up Clock @ waitClock|0,1052,0.437229697
Up Clock @ waitClock|0,1054,0.437958296
Up Clock @ waitClock|0,1056,0.438690222
Up Clock @ waitClock|0,1058,0.439425425
Up Clock @ waitClock|0,1060,0.440163856
Up Clock @ waitClock|0,1062,0.440905467
Up Clock @ waitClock|0,1064,0.441650207
Up Clock @ waitClock|0,1066,0.442398031
Up Clock @ waitClock|0,1068,0.443148889
Up Clock @ waitClock|0,1070,0.443902734
Up Clock @ waitClock|0,1072,0.444659521
Up Clock @ waitClock|0,1074,0.445419203
Up Clock @ waitClock|0,1076,0.446181733
Up Clock @ waitClock|0,1078,0.446947066
Up Clock @ waitClock|0,1080,0.447715159
Up Clock @ waitClock|0,1082,0.448485965
Up Clock @ waitClock|0,1084,0.449259440
Up Clock @ waitClock|0,1086,0.450035542
Up Clock @ waitClock|0,1088,0.450814227
Up Clock @ waitClock|0,1090,0.451595451
Up Clock @ waitClock|0,1092,0.452379173
Up Clock @ waitClock|0,1094,0.453165350
Up Clock @ waitClock|0,1096,0.453953940
Up Clock @ waitClock|0,1098,0.454744903
Up Clock @ waitClock|0,1100,0.455538198
Up Clock @ waitClock|0,1102,0.456333783
Up Clock @ waitClock|0,1104,0.457131619
Up Clock @ waitClock|0,1106,0.457931666
Up Clock @ waitClock|0,1108,0.458733885
Up Clock @ waitClock|0,1110,0.459538237
Up Clock @ waitClock|0,1112,0.460344682
Up Clock @ waitClock|0,1114,0.461153184
Up Clock @ waitClock|0,1116,0.461963704
Up Clock @ waitClock|0,1118,0.462776204
Up Clock @ waitClock|0,1120,0.463590648
Up Clock @ waitClock|0,1122,0.464406998
Up Clock @ waitClock|0,1124,0.465225218
Up Clock @ waitClock|0,1126,0.466045273
Up Clock @ waitClock|0,1128,0.466867126
Up Clock @ waitClock|0,1130,0.467690742
Up Clock @ waitClock|0,1132,0.468516085
Up Clock @ waitClock|0,1134,0.469343122
Up Clock @ waitClock|0,1136,0.470171818
Up Clock @ waitClock|0,1138,0.471002139
Up Clock @ waitClock|0,1140,0.471834051
Up Clock @ waitClock|0,1142,0.472667521
Up Clock @ waitClock|0,1144,0.473502515
Up Clock @ waitClock|0,1146,0.474339001
Up Clock @ waitClock|0,1148,0.475176947
Up Clock @ waitClock|0,1150,0.476016321
Up Clock @ waitClock|0,1152,0.476857090
Up Clock @ waitClock|0,1154,0.477699223
Up Clock @ waitClock|0,1156,0.478542690
Up Clock @ waitClock|0,1158,0.479387459
Up Clock @ waitClock|0,1160,0.480233499
Up Clock @ waitClock|0,1162,0.481080781
Up Clock @ waitClock|0,1164,0.481929274
Up Clock @ waitClock|0,1166,0.482778949
Up Clock @ waitClock|0,1168,0.483629777
Up Clock @ waitClock|0,1170,0.484481728
Up Clock @ waitClock|0,1172,0.485334773
Up Clock @ waitClock|0,1174,0.486188885
Up Clock @ waitClock|0,1176,0.487044034
Up Clock @ waitClock|0,1178,0.487900194
Up Clock @ waitClock|0,1180,0.488757336
Up Clock @ waitClock|0,1182,0.489615432
Up Clock @ waitClock|0,1184,0.490474457
Up Clock @ waitClock|0,1186,0.491334382
Up Clock @ waitClock|0,1188,0.492195182
Up Clock @ waitClock|0,1190,0.493056830
Up Clock @ waitClock|0,1192,0.493919300
Up Clock @ waitClock|0,1194,0.494782566
Up Clock @ waitClock|0,1196,0.495646603
Up Clock @ waitClock|0,1198,0.496511385
Up Clock @ waitClock|0,1200,0.497376888
Up Clock @ waitClock|0,1202,0.498243086
Up Clock @ waitClock|0,1204,0.499109956
Up Clock @ waitClock|0,1206,0.499977472
Up Clock @ waitClock|0,1208,0.500845612
Up Clock @ waitClock|0,1210,0.501714350
Up Clock @ waitClock|0,1212,0.502583664
Up Clock @ waitClock|0,1214,0.503453531
Up Clock @ waitClock|0,1216,0.504323927
Up Clock @ waitClock|0,1218,0.505194829
Up Clock @ waitClock|0,1220,0.506066215
Up Clock @ waitClock|0,1222,0.506938062
Up Clock @ waitClock|0,1224,0.507810349
Up Clock @ waitClock|0,1226,0.508683054
Up Clock @ waitClock|0,1228,0.509556154
Up Clock @ waitClock|0,1230,0.510429628
Up Clock @ waitClock|0,1232,0.511303456
Up Clock @ waitClock|0,1234,0.512177616
Up Clock @ waitClock|0,1236,0.513052087
Up Clock @ waitClock|0,1238,0.513926849
Up Clock @ waitClock|0,1240,0.514801881
Up Clock @ waitClock|0,1242,0.515677164
Up Clock @ waitClock|0,1244,0.516552677
Up Clock @ waitClock|0,1246,0.517428400
Up Clock @ waitClock|0,1248,0.518304314
Up Clock @ waitClock|0,1250,0.519180401
Up Clock @ waitClock|0,1252,0.520056639
Up Clock @ waitClock|0,1254,0.520933012
Up Clock @ waitClock|0,1256,0.521809499
Up Clock @ waitClock|0,1258,0.522686083
Up Clock @ waitClock|0,1260,0.523562745
Up Clock @ waitClock|0,1262,0.524439467
Up Clock @ waitClock|0,1264,0.525316231
Up Clock @ waitClock|0,1266,0.525777995
Up Clock @ waitClock|0,1268,0.525983608
Up Clock @ waitClock|0,1270,0.526072734
Up Clock @ waitClock|0,1272,0.526117763
Up Clock @ waitClock|0,1274,0.526150647
Up Clock @ waitClock|0,1276,0.526184414
Up Clock @ waitClock|0,1278,0.526224111
Up Clock @ waitClock|0,1280,0.526271601
Up Clock @ waitClock|0,1282,0.526327518
Up Clock @ waitClock|0,1284,0.526392037
Up Clock @ waitClock|0,1286,0.526465161
Up Clock @ waitClock|0,1288,0.526546832
Up Clock @ waitClock|0,1290,0.526636969
Up Clock @ waitClock|0,1292,0.526735486
Up Clock @ waitClock|0,1294,0.526842291
Up Clock @ waitClock|0,1296,0.526957296
Up Clock @ waitClock|0,1298,0.527080411
Up Clock @ waitClock|0,1300,0.527211547
Up Clock @ waitClock|0,1302,0.527350616
Up Clock @ waitClock|0,1304,0.527497531
Up Clock @ waitClock|0,1306,0.527652206
Up Clock @ waitClock|0,1308,0.527814553
Up Clock @ waitClock|0,1310,0.527984490
Up Clock @ waitClock|0,1312,0.528161931
Up Clock @ waitClock|0,1314,0.528346792
Up Clock @ waitClock|0,1316,0.528538992
Up Clock @ waitClock|0,1318,0.528738448
Up Clock @ waitClock|0,1320,0.528945079
Up Clock @ waitClock|0,1322,0.529158804
Up Clock @ waitClock|0,1324,0.529379543
Up Clock @ waitClock|0,1326,0.529607218
Up Clock @ waitClock|0,1328,0.529841750
Up Clock @ waitClock|0,1330,0.530083062
Up Clock @ waitClock|0,1332,0.530331075
Up Clock @ waitClock|0,1334,0.530585715
Up Clock @ waitClock|0,1336,0.530846905
Up Clock @ waitClock|0,1338,0.531114570
Up Clock @ waitClock|0,1340,0.531388636
Up Clock @ waitClock|0,1342,0.531669030
Up Clock @ waitClock|0,1344,0.531955678
Up Clock @ waitClock|0,1346,0.532248509
Up Clock @ waitClock|0,1348,0.532547450
Up Clock @ waitClock|0,1350,0.532852430
Up Clock @ waitClock|0,1352,0.533163380
Up Clock @ waitClock|0,1354,0.533480229
Up Clock @ waitClock|0,1356,0.533802908
Up Clock @ waitClock|0,1358,0.534131349
Up Clock @ waitClock|0,1360,0.534465483
Up Clock @ waitClock|0,1362,0.534805244
Up Clock @ waitClock|0,1364,0.535150566
Up Clock @ waitClock|0,1366,0.535501381
Up Clock @ waitClock|0,1368,0.535857624
Up Clock @ waitClock|0,1370,0.536219231
Up Clock @ waitClock|0,1372,0.536586137
Up Clock @ waitClock|0,1374,0.536958278
Up Clock @ waitClock|0,1376,0.537335592
Up Clock @ waitClock|0,1378,0.537718016
Up Clock @ waitClock|0,1380,0.538105487
Up Clock @ waitClock|0,1382,0.538497945
Up Clock @ waitClock|0,1384,0.538895328
Up Clock @ waitClock|0,1386,0.539297576
Up Clock @ waitClock|0,1388,0.539704630
Up Clock @ waitClock|0,1390,0.540116429
Up Clock @ waitClock|0,1392,0.540532916
Up Clock @ waitClock|0,1394,0.540954032
Up Clock @ waitClock|0,1396,0.541379720
Up Clock @ waitClock|0,1398,0.541809922
Up Clock @ waitClock|0,1400,0.542244582
Up Clock @ waitClock|0,1402,0.542683644
Up Clock @ waitClock|0,1404,0.543127052
Up Clock @ waitClock|0,1406,0.543574751
Up Clock @ waitClock|0,1408,0.544026686
Up Clock @ waitClock|0,1410,0.544482804
Up Clock @ waitClock|0,1412,0.544943051
Up Clock @ waitClock|0,1414,0.545407373
Up Clock @ waitClock|0,1416,0.545875719
Up Clock @ waitClock|0,1418,0.546348036
Up Clock @ waitClock|0,1420,0.546824273
Up Clock @ waitClock|0,1422,0.547304377
Up Clock @ waitClock|0,1424,0.547788299
Up Clock @ waitClock|0,1426,0.548275989
Up Clock @ waitClock|0,1428,0.548767396
Up Clock @ waitClock|0,1430,0.549262471
Up Clock @ waitClock|0,1432,0.549761166
Up Clock @ waitClock|0,1434,0.550263432
Up Clock @ waitClock|0,1436,0.550769221
Up Clock @ waitClock|0,1438,0.551278485
Up Clock @ waitClock|0,1440,0.551791177
Up Clock @ waitClock|0,1442,0.552307252
Up Clock @ waitClock|0,1444,0.552826662
Up Clock @ waitClock|0,1446,0.553349361
Up Clock @ waitClock|0,1448,0.553875305
Up Clock @ waitClock|0,1450,0.554404448
Up Clock @ waitClock|0,1452,0.554936746
Up Clock @ waitClock|0,1454,0.555472155
Up Clock @ waitClock|0,1456,0.556010631
Up Clock @ waitClock|0,1458,0.556552131
Up Clock @ waitClock|0,1460,0.557096611
Up Clock @ waitClock|0,1462,0.557644030
Up Clock @ waitClock|0,1464,0.558194344
Up Clock @ waitClock|0,1466,0.558747513
Up Clock @ waitClock|0,1468,0.559303496
Up Clock @ waitClock|0,1470,0.559862250
Up Clock @ waitClock|0,1472,0.560423736
Up Clock @ waitClock|0,1474,0.560987913
Up Clock @ waitClock|0,1476,0.561554742
Up Clock @ waitClock|0,1478,0.562124183
Up Clock @ waitClock|0,1480,0.562696197
Up Clock @ waitClock|0,1482,0.563270745
Up Clock @ waitClock|0,1484,0.563847790
Up Clock @ waitClock|0,1486,0.564427292
Up Clock @ waitClock|0,1488,0.565009215
Up Clock @ waitClock|0,1490,0.565593520
Up Clock @ waitClock|0,1492,0.566180172
Up Clock @ waitClock|0,1494,0.566769134
Up Clock @ waitClock|0,1496,0.567360368
Up Clock @ waitClock|0,1498,0.567953841
Up Clock @ waitClock|0,1500,0.568549515
Up Clock @ waitClock|0,1502,0.569147356
Up Clock @ waitClock|0,1504,0.569747328
Up Clock @ waitClock|0,1506,0.570349398
Up Clock @ waitClock|0,1508,0.570953531
Up Clock @ waitClock|0,1510,0.571559692
Up Clock @ waitClock|0,1512,0.572167850
Up Clock @ waitClock|0,1514,0.572777969
Up Clock @ waitClock|0,1516,0.573390018
Up Clock @ waitClock|0,1518,0.574003963
Up Clock @ waitClock|0,1520,0.574619773
Up Clock @ waitClock|0,1522,0.575237415
Up Clock @ waitClock|0,1524,0.575856858
Up Clock @ waitClock|0,1526,0.576478069
Up Clock @ waitClock|0,1528,0.577101019
Up Clock @ waitClock|0,1530,0.577725676
Up Clock @ waitClock|0,1532,0.578352010
Up Clock @ waitClock|0,1534,0.578979990
Up Clock @ waitClock|0,1536,0.579609586
Up Clock @ waitClock|0,1538,0.580240770
Up Clock @ waitClock|0,1540,0.580873511
Up Clock @ waitClock|0,1542,0.581507780
Up Clock @ waitClock|0,1544,0.582143549
Up Clock @ waitClock|0,1546,0.582780789
Up Clock @ waitClock|0,1548,0.583419472
Up Clock @ waitClock|0,1550,0.584059570
Up Clock @ waitClock|0,1552,0.584701055
Up Clock @ waitClock|0,1554,0.585343899
Up Clock @ waitClock|0,1556,0.585988077
Up Clock @ waitClock|0,1558,0.586633559
Up Clock @ waitClock|0,1560,0.587280321
Up Clock @ waitClock|0,1562,0.587928335
Up Clock @ waitClock|0,1564,0.588577576
Up Clock @ waitClock|0,1566,0.589228017
Up Clock @ waitClock|0,1568,0.589879633
Up Clock @ waitClock|0,1570,0.590532399
Up Clock @ waitClock|0,1572,0.591186289
Up Clock @ waitClock|0,1574,0.591841278
Up Clock @ waitClock|0,1576,0.592497343
Up Clock @ waitClock|0,1578,0.593154458
Up Clock @ waitClock|0,1580,0.593812599
Up Clock @ waitClock|0,1582,0.594471742
Up Clock @ waitClock|0,1584,0.595131864
Up Clock @ waitClock|0,1586,0.595792942
Up Clock @ waitClock|0,1588,0.596454951
Up Clock @ waitClock|0,1590,0.597117870
Up Clock @ waitClock|0,1592,0.597781674
Up Clock @ waitClock|0,1594,0.598446343
Up Clock @ waitClock|0,1596,0.599111852
Up Clock @ waitClock|0,1598,0.599778181
Up Clock @ waitClock|0,1600,0.600445307
Up Clock @ waitClock|0,1602,0.601113209
Up Clock @ waitClock|0,1604,0.601781866
Up Clock @ waitClock|0,1606,0.602451255
Up Clock @ waitClock|0,1608,0.603121356
Up Clock @ waitClock|0,1610,0.603792149
Up Clock @ waitClock|0,1612,0.604463612
Up Clock @ waitClock|0,1614,0.605135725
Up Clock @ waitClock|0,1616,0.605808469
Up Clock @ waitClock|0,1618,0.606481822
Up Clock @ waitClock|0,1620,0.607155765
Up Clock @ waitClock|0,1622,0.607830280
Up Clock @ waitClock|0,1624,0.608505345
Up Clock @ waitClock|0,1626,0.609180943
Up Clock @ waitClock|0,1628,0.609857053
Up Clock @ waitClock|0,1630,0.610533658
Up Clock @ waitClock|0,1632,0.611210738
Up Clock @ waitClock|0,1634,0.611888275
Up Clock @ waitClock|0,1636,0.612566252
Up Clock @ waitClock|0,1638,0.613244649
Up Clock @ waitClock|0,1640,0.613923449
Up Clock @ waitClock|0,1642,0.614602635
Up Clock @ waitClock|0,1644,0.615282188
Up Clock @ waitClock|0,1646,0.615962092
Up Clock @ waitClock|0,1648,0.616642330
Up Clock @ waitClock|0,1650,0.617322883
Up Clock @ waitClock|0,1652,0.618003736
Up Clock @ waitClock|0,1654,0.618684872
Up Clock @ waitClock|0,1656,0.619366274
Up Clock @ waitClock|0,1658,0.620047927
Up Clock @ waitClock|0,1660,0.620729814
Up Clock @ waitClock|0,1662,0.621411918
Up Clock @ waitClock|0,1664,0.622094225
Up Clock @ waitClock|0,1666,0.622776719
Up Clock @ waitClock|0,1668,0.623459384
Up Clock @ waitClock|0,1670,0.624142205
Up Clock @ waitClock|0,1672,0.624825166
Up Clock @ waitClock|0,1674,0.625508254
Up Clock @ waitClock|0,1676,0.626191452
Up Clock @ waitClock|0,1678,0.626874747
Up Clock @ waitClock|0,1680,0.627558124
Up Clock @ waitClock|0,1682,0.628241568
Up Clock @ waitClock|0,1684,0.628925065
Up Clock @ waitClock|0,1686,0.629608601
Up Clock @ waitClock|0,1688,0.630069551
Up Clock @ waitClock|0,1690,0.630324004
Up Clock @ waitClock|0,1692,0.630451616
Up Clock @ waitClock|0,1694,0.630515894
Up Clock @ waitClock|0,1696,0.630553769
Up Clock @ waitClock|0,1698,0.630583789
Up Clock @ waitClock|0,1700,0.630614485
Up Clock @ waitClock|0,1702,0.630649544
Up Clock @ waitClock|0,1704,0.630690471
Up Clock @ waitClock|0,1706,0.630737837
Up Clock @ waitClock|0,1708,0.630791825
Up Clock @ waitClock|0,1710,0.630852463
Up Clock @ waitClock|0,1712,0.630919717
Up Clock @ waitClock|0,1714,0.630993528
Up Clock @ waitClock|0,1716,0.631073833
Up Clock @ waitClock|0,1718,0.631160561
Up Clock @ waitClock|0,1720,0.631253644
Up Clock @ waitClock|0,1722,0.631353012
Up Clock @ waitClock|0,1724,0.631458596
Up Clock @ waitClock|0,1726,0.631570328
Up Clock @ waitClock|0,1728,0.631688141
Up Clock @ waitClock|0,1730,0.631811967
Up Clock @ waitClock|0,1732,0.631941739
Up Clock @ waitClock|0,1734,0.632077393
Up Clock @ waitClock|0,1736,0.632218861
Up Clock @ waitClock|0,1738,0.632366081
Up Clock @ waitClock|0,1740,0.632518986
Up Clock @ waitClock|0,1742,0.632677515
Up Clock @ waitClock|0,1744,0.632841603
Up Clock @ waitClock|0,1746,0.633011189
Up Clock @ waitClock|0,1748,0.633186210
Up Clock @ waitClock|0,1750,0.633366605
Up Clock @ waitClock|0,1752,0.633552313
Up Clock @ waitClock|0,1754,0.633743274
Up Clock @ waitClock|0,1756,0.633939428
Up Clock @ waitClock|0,1758,0.634140716
Up Clock @ waitClock|0,1760,0.634347079
Up Clock @ waitClock|0,1762,0.634558459
Up Clock @ waitClock|0,1764,0.634774799
Up Clock @ waitClock|0,1766,0.634996041
Up Clock @ waitClock|0,1768,0.635222129
Up Clock @ waitClock|0,1770,0.635453006
Up Clock @ waitClock|0,1772,0.635688617
Up Clock @ waitClock|0,1774,0.635928907
Up Clock @ waitClock|0,1776,0.636173821
Up Clock @ waitClock|0,1778,0.636423306
Up Clock @ waitClock|0,1780,0.636677306
Up Clock @ waitClock|0,1782,0.636935771
Up Clock @ waitClock|0,1784,0.637198646
Up Clock @ waitClock|0,1786,0.637465879
Up Clock @ waitClock|0,1788,0.637737420
Up Clock @ waitClock|0,1790,0.638013216
Up Clock @ waitClock|0,1792,0.638293216
Up Clock @ waitClock|0,1794,0.638577371
Up Clock @ waitClock|0,1796,0.638865631
Up Clock @ waitClock|0,1798,0.639157946
Up Clock @ waitClock|0,1800,0.639454266
Up Clock @ waitClock|0,1802,0.639754545
Up Clock @ waitClock|0,1804,0.640058733
Up Clock @ waitClock|0,1806,0.640366782
Up Clock @ waitClock|0,1808,0.640678646
Up Clock @ waitClock|0,1810,0.640994278
Up Clock @ waitClock|0,1812,0.641313632
Up Clock @ waitClock|0,1814,0.641636660
Up Clock @ waitClock|0,1816,0.641963319
Up Clock @ waitClock|0,1818,0.642293562
Up Clock @ waitClock|0,1820,0.642627346
Up Clock @ waitClock|0,1822,0.642964625
Up Clock @ waitClock|0,1824,0.643305356
Up Clock @ waitClock|0,1826,0.643649495
Up Clock @ waitClock|0,1828,0.643996999
Up Clock @ waitClock|0,1830,0.644347826
Up Clock @ waitClock|0,1832,0.644701933
Up Clock @ waitClock|0,1834,0.645059278
Up Clock @ waitClock|0,1836,0.645419819
Up Clock @ waitClock|0,1838,0.645783516
Up Clock @ waitClock|0,1840,0.646150328
Up Clock @ waitClock|0,1842,0.646520214
Up Clock @ waitClock|0,1844,0.646893134
Up Clock @ waitClock|0,1846,0.647269048
Up Clock @ waitClock|0,1848,0.647647918
Up Clock @ waitClock|0,1850,0.648029704
Up Clock @ waitClock|0,1852,0.648414367
Up Clock @ waitClock|0,1854,0.648801869
Up Clock @ waitClock|0,1856,0.649192173
Up Clock @ waitClock|0,1858,0.649585241
Up Clock @ waitClock|0,1860,0.649981035
Up Clock @ waitClock|0,1862,0.650379519
Up Clock @ waitClock|0,1864,0.650780656
Up Clock @ waitClock|0,1866,0.651184410
Up Clock @ waitClock|0,1868,0.651590746
Up Clock @ waitClock|0,1870,0.651999627
Up Clock @ waitClock|0,1872,0.652411018
Up Clock @ waitClock|0,1874,0.652824885
Up Clock @ waitClock|0,1876,0.653241193
Up Clock @ waitClock|0,1878,0.653659907
Up Clock @ waitClock|0,1880,0.654080995
Up Clock @ waitClock|0,1882,0.654504422
Up Clock @ waitClock|0,1884,0.654930154
Up Clock @ waitClock|0,1886,0.655358160
Up Clock @ waitClock|0,1888,0.655788406
Up Clock @ waitClock|0,1890,0.656220860
Up Clock @ waitClock|0,1892,0.656655490
Up Clock @ waitClock|0,1894,0.657092264
Up Clock @ waitClock|0,1896,0.657531151
Up Clock @ waitClock|0,1898,0.657972119
Up Clock @ waitClock|0,1900,0.658415137
Up Clock @ waitClock|0,1902,0.658860176
Up Clock @ waitClock|0,1904,0.659307205
Up Clock @ waitClock|0,1906,0.659756193
Up Clock @ waitClock|0,1908,0.660207111
Up Clock @ waitClock|0,1910,0.660659929
Up Clock @ waitClock|0,1912,0.661114619
Up Clock @ waitClock|0,1914,0.661571151
Up Clock @ waitClock|0,1916,0.662029497
Up Clock @ waitClock|0,1918,0.662489628
Up Clock @ waitClock|0,1920,0.662951516
Up Clock @ waitClock|0,1922,0.663415134
Up Clock @ waitClock|0,1924,0.663880453
Up Clock @ waitClock|0,1926,0.664347447
Up Clock @ waitClock|0,1928,0.664816088
Up Clock @ waitClock|0,1930,0.665286350
Up Clock @ waitClock|0,1932,0.665758206
Up Clock @ waitClock|0,1934,0.666231630
Up Clock @ waitClock|0,1936,0.666706595
Up Clock @ waitClock|0,1938,0.667183077
Up Clock @ waitClock|0,1940,0.667661048
Up Clock @ waitClock|0,1942,0.668140485
Up Clock @ waitClock|0,1944,0.668621362
Up Clock @ waitClock|0,1946,0.669103654
Up Clock @ waitClock|0,1948,0.669587336
Up Clock @ waitClock|0,1950,0.670072384
Up Clock @ waitClock|0,1952,0.670558775
Up Clock @ waitClock|0,1954,0.671046484
Up Clock @ waitClock|0,1956,0.671535487
Up Clock @ waitClock|0,1958,0.672025761
Up Clock @ waitClock|0,1960,0.672517283
Up Clock @ waitClock|0,1962,0.673010029
Up Clock @ waitClock|0,1964,0.673503978
Up Clock @ waitClock|0,1966,0.673999106
Up Clock @ waitClock|0,1968,0.674495391
Up Clock @ waitClock|0,1970,0.674992811
Up Clock @ waitClock|0,1972,0.675491345
Up Clock @ waitClock|0,1974,0.675990969
Up Clock @ waitClock|0,1976,0.676491664
Up Clock @ waitClock|0,1978,0.676993407
Up Clock @ waitClock|0,1980,0.677496177
Up Clock @ waitClock|0,1982,0.677999955
Up Clock @ waitClock|0,1984,0.678504718
Up Clock @ waitClock|0,1986,0.679010447
Up Clock @ waitClock|0,1988,0.679517121
Up Clock @ waitClock|0,1990,0.680024720
Up Clock @ waitClock|0,1992,0.680533224
Up Clock @ waitClock|0,1994,0.681042614
Up Clock @ waitClock|0,1996,0.681552870
Up Clock @ waitClock|0,1998,0.682063973
Up Clock @ waitClock|0,2000,0.682575904
Up Clock @ waitClock|0,2002,0.683088643
Up Clock @ waitClock|0,2004,0.683602173
Up Clock @ waitClock|0,2006,0.684116474
Up Clock @ waitClock|0,2008,0.684631528
Up Clock @ waitClock|0,2010,0.685147317
Up Clock @ waitClock|0,2012,0.685663823
Up Clock @ waitClock|0,2014,0.686181027
Up Clock @ waitClock|0,2016,0.686698914
Up Clock @ waitClock|0,2018,0.687217464
Up Clock @ waitClock|0,2020,0.687736661
Up Clock @ waitClock|0,2022,0.688256487
Up Clock @ waitClock|0,2024,0.688776926
Up Clock @ waitClock|0,2026,0.689297961
Up Clock @ waitClock|0,2028,0.689819575
Up Clock @ waitClock|0,2030,0.690341751
Up Clock @ waitClock|0,2032,0.690864474
Up Clock @ waitClock|0,2034,0.691387727
Up Clock @ waitClock|0,2036,0.691911494
Up Clock @ waitClock|0,2038,0.692435759
Up Clock @ waitClock|0,2040,0.692960508
Up Clock @ waitClock|0,2042,0.693485723
Up Clock @ waitClock|0,2044,0.694011390
Up Clock @ waitClock|0,2046,0.694537494
Up Clock @ waitClock|0,2048,0.695064020
Up Clock @ waitClock|0,2050,0.695590953
Up Clock @ waitClock|0,2052,0.696118277
Up Clock @ waitClock|0,2054,0.696645979
Up Clock @ waitClock|0,2056,0.697174044
Up Clock @ waitClock|0,2058,0.697702458
Up Clock @ waitClock|0,2060,0.698231206
Up Clock @ waitClock|0,2062,0.698760275
Up Clock @ waitClock|0,2064,0.699289651
Up Clock @ waitClock|0,2066,0.699819319
Up Clock @ waitClock|0,2068,0.700349267
Up Clock @ waitClock|0,2070,0.700879481
Up Clock @ waitClock|0,2072,0.701409948
Up Clock @ waitClock|0,2074,0.701940654
Up Clock @ waitClock|0,2076,0.702471587
Up Clock @ waitClock|0,2078,0.703002734
Up Clock @ waitClock|0,2080,0.703534081
Up Clock @ waitClock|0,2082,0.704065617
Up Clock @ waitClock|0,2084,0.704597328
Up Clock @ waitClock|0,2086,0.705129203
Up Clock @ waitClock|0,2088,0.705661228
Up Clock @ waitClock|0,2090,0.706193393
Up Clock @ waitClock|0,2092,0.706725685
Up Clock @ waitClock|0,2094,0.707258092
Up Clock @ waitClock|0,2096,0.707790602
Up Clock @ waitClock|0,2098,0.708323205
Up Clock @ waitClock|0,2100,0.708855887
Up Clock @ waitClock|0,2102,0.709388639
Up Clock @ waitClock|0,2104,0.709921448
Up Clock @ waitClock|0,2106,0.710454304
Up Clock @ waitClock|0,2108,0.710987196
Up Clock @ waitClock|0,2110,0.711400707
Up Clock @ waitClock|0,2112,0.711666395
Up Clock @ waitClock|0,2114,0.711818020
Up Clock @ waitClock|0,2116,0.711900059
Up Clock @ waitClock|0,2118,0.711946148
Up Clock @ waitClock|0,2120,0.711976734
Up Clock @ waitClock|0,2122,0.712002794
Up Clock @ waitClock|0,2124,0.712029751
Up Clock @ waitClock|0,2126,0.712060118
Up Clock @ waitClock|0,2128,0.712094996
Up Clock @ waitClock|0,2130,0.712134828
Up Clock @ waitClock|0,2132,0.712179771
Up Clock @ waitClock|0,2134,0.712229856
Up Clock @ waitClock|0,2136,0.712285064
Up Clock @ waitClock|0,2138,0.712345352
Up Clock @ waitClock|0,2140,0.712410671
Up Clock @ waitClock|0,2142,0.712480968
Up Clock @ waitClock|0,2144,0.712556190
Up Clock @ waitClock|0,2146,0.712636282
Up Clock @ waitClock|0,2148,0.712721193
Up Clock @ waitClock|0,2150,0.712810868
Up Clock @ waitClock|0,2152,0.712905255
Up Clock @ waitClock|0,2154,0.713004302
Up Clock @ waitClock|0,2156,0.713107957
Up Clock @ waitClock|0,2158,0.713216170
Up Clock @ waitClock|0,2160,0.713328889
Up Clock @ waitClock|0,2162,0.713446064
Up Clock @ waitClock|0,2164,0.713567646
Up Clock @ waitClock|0,2166,0.713693585
Up Clock @ waitClock|0,2168,0.713823833
Up Clock @ waitClock|0,2170,0.713958340
Up Clock @ waitClock|0,2172,0.714097058
Up Clock @ waitClock|0,2174,0.714239941
Up Clock @ waitClock|0,2176,0.714386941
Up Clock @ waitClock|0,2178,0.714538010
Up Clock @ waitClock|0,2180,0.714693104
Up Clock @ waitClock|0,2182,0.714852175
Up Clock @ waitClock|0,2184,0.715015178
Up Clock @ waitClock|0,2186,0.715182069
Up Clock @ waitClock|0,2188,0.715352802
Up Clock @ waitClock|0,2190,0.715527333
Up Clock @ waitClock|0,2192,0.715705618
Up Clock @ waitClock|0,2194,0.715887614
Up Clock @ waitClock|0,2196,0.716073277
Up Clock @ waitClock|0,2198,0.716262565
Up Clock @ waitClock|0,2200,0.716455435
Up Clock @ waitClock|0,2202,0.716651846
Up Clock @ waitClock|0,2204,0.716851756
Up Clock @ waitClock|0,2206,0.717055123
Up Clock @ waitClock|0,2208,0.717261907
Up Clock @ waitClock|0,2210,0.717472067
Up Clock @ waitClock|0,2212,0.717685564
Up Clock @ waitClock|0,2214,0.717902356
Up Clock @ waitClock|0,2216,0.718122406
Up Clock @ waitClock|0,2218,0.718345673
Up Clock @ waitClock|0,2220,0.718572120
Up Clock @ waitClock|0,2222,0.718801707
Up Clock @ waitClock|0,2224,0.719034397
Up Clock @ waitClock|0,2226,0.719270152
Up Clock @ waitClock|0,2228,0.719508935
Up Clock @ waitClock|0,2230,0.719750709
Up Clock @ waitClock|0,2232,0.719995437
Up Clock @ waitClock|0,2234,0.720243083
Up Clock @ waitClock|0,2236,0.720493611
Up Clock @ waitClock|0,2238,0.720746985
Up Clock @ waitClock|0,2240,0.721003171
Up Clock @ waitClock|0,2242,0.721262132
Up Clock @ waitClock|0,2244,0.721523834
Up Clock @ waitClock|0,2246,0.721788243
Up Clock @ waitClock|0,2248,0.722055325
Up Clock @ waitClock|0,2250,0.722325045
Up Clock @ waitClock|0,2252,0.722597372
Up Clock @ waitClock|0,2254,0.722872271
Up Clock @ waitClock|0,2256,0.723149709
Up Clock @ waitClock|0,2258,0.723429655
Up Clock @ waitClock|0,2260,0.723712075
Up Clock @ waitClock|0,2262,0.723996938
Up Clock @ waitClock|0,2264,0.724284212
Up Clock @ waitClock|0,2266,0.724573866
Up Clock @ waitClock|0,2268,0.724865869
Up Clock @ waitClock|0,2270,0.725160190
Up Clock @ waitClock|0,2272,0.725456798
Up Clock @ waitClock|0,2274,0.725755664
Up Clock @ waitClock|0,2276,0.726056757
Up Clock @ waitClock|0,2278,0.726360047
Up Clock @ waitClock|0,2280,0.726665505
Up Clock @ waitClock|0,2282,0.726973103
Up Clock @ waitClock|0,2284,0.727282811
Up Clock @ waitClock|0,2286,0.727594600
Up Clock @ waitClock|0,2288,0.727908443
Up Clock @ waitClock|0,2290,0.728224310
Up Clock @ waitClock|0,2292,0.728542175
Up Clock @ waitClock|0,2294,0.728862010
Up Clock @ waitClock|0,2296,0.729183788
Up Clock @ waitClock|0,2298,0.729507480
Up Clock @ waitClock|0,2300,0.729833062
Up Clock @ waitClock|0,2302,0.730160505
Up Clock @ waitClock|0,2304,0.730489785
Up Clock @ waitClock|0,2306,0.730820874
Up Clock @ waitClock|0,2308,0.731153747
Up Clock @ waitClock|0,2310,0.731488378
Up Clock @ waitClock|0,2312,0.731824742
Up Clock @ waitClock|0,2314,0.732162814
Up Clock @ waitClock|0,2316,0.732502569
Up Clock @ waitClock|0,2318,0.732843982
Up Clock @ waitClock|0,2320,0.733187030
Up Clock @ waitClock|0,2322,0.733531687
Up Clock @ waitClock|0,2324,0.733877930
Up Clock @ waitClock|0,2326,0.734225734
Up Clock @ waitClock|0,2328,0.734575078
Up Clock @ waitClock|0,2330,0.734925937
Up Clock @ waitClock|0,2332,0.735278288
Up Clock @ waitClock|0,2334,0.735632108
Up Clock @ waitClock|0,2336,0.735987375
Up Clock @ waitClock|0,2338,0.736344066
Up Clock @ waitClock|0,2340,0.736702159
Up Clock @ waitClock|0,2342,0.737061633
Up Clock @ waitClock|0,2344,0.737422464
Up Clock @ waitClock|0,2346,0.737784632
Up Clock @ waitClock|0,2348,0.738148116
Up Clock @ waitClock|0,2350,0.738512893
Up Clock @ waitClock|0,2352,0.738878944
Up Clock @ waitClock|0,2354,0.739246246
Up Clock @ waitClock|0,2356,0.739614781
Up Clock @ waitClock|0,2358,0.739984527
Up Clock @ waitClock|0,2360,0.740355463
Up Clock @ waitClock|0,2362,0.740727571
Up Clock @ waitClock|0,2364,0.741100830
Up Clock @ waitClock|0,2366,0.741475221
Up Clock @ waitClock|0,2368,0.741850724
Up Clock @ waitClock|0,2370,0.742227320
Up Clock @ waitClock|0,2372,0.742604989
Up Clock @ waitClock|0,2374,0.742983714
Up Clock @ waitClock|0,2376,0.743363475
Up Clock @ waitClock|0,2378,0.743744253
Up Clock @ waitClock|0,2380,0.744126031
Up Clock @ waitClock|0,2382,0.744508789
Up Clock @ waitClock|0,2384,0.744892511
Up Clock @ waitClock|0,2386,0.745277178
Up Clock @ waitClock|0,2388,0.745662773
Up Clock @ waitClock|0,2390,0.746049278
Up Clock @ waitClock|0,2392,0.746436676
Up Clock @ waitClock|0,2394,0.746824949
Up Clock @ waitClock|0,2396,0.747214081
Up Clock @ waitClock|0,2398,0.747604054
Up Clock @ waitClock|0,2400,0.747994853
Up Clock @ waitClock|0,2402,0.748386461
Up Clock @ waitClock|0,2404,0.748778860
Up Clock @ waitClock|0,2406,0.749172036
Up Clock @ waitClock|0,2408,0.749565972
Up Clock @ waitClock|0,2410,0.749960652
Up Clock @ waitClock|0,2412,0.750356061
Up Clock @ waitClock|0,2414,0.750752182
Up Clock @ waitClock|0,2416,0.751149001
Up Clock @ waitClock|0,2418,0.751546502
Up Clock @ waitClock|0,2420,0.751944670
Up Clock @ waitClock|0,2422,0.752343491
Up Clock @ waitClock|0,2424,0.752742948
Up Clock @ waitClock|0,2426,0.753143029
Up Clock @ waitClock|0,2428,0.753543717
Up Clock @ waitClock|0,2430,0.753944999
Up Clock @ waitClock|0,2432,0.754346861
Up Clock @ waitClock|0,2434,0.754749288
Up Clock @ waitClock|0,2436,0.755152266
Up Clock @ waitClock|0,2438,0.755555782
Up Clock @ waitClock|0,2440,0.755959822
Up Clock @ waitClock|0,2442,0.756364372
Up Clock @ waitClock|0,2444,0.756769419
Up Clock @ waitClock|0,2446,0.757174950
Up Clock @ waitClock|0,2448,0.757580951
Up Clock @ waitClock|0,2450,0.757987410
Up Clock @ waitClock|0,2452,0.758394313
Up Clock @ waitClock|0,2454,0.758801648
Up Clock @ waitClock|0,2456,0.759209402
Up Clock @ waitClock|0,2458,0.759617562
Up Clock @ waitClock|0,2460,0.760026117
Up Clock @ waitClock|0,2462,0.760435054
Up Clock @ waitClock|0,2464,0.760844360
Up Clock @ waitClock|0,2466,0.761254025
Up Clock @ waitClock|0,2468,0.761664035
Up Clock @ waitClock|0,2470,0.762074379
Up Clock @ waitClock|0,2472,0.762485046
Up Clock @ waitClock|0,2474,0.762896024
Up Clock @ waitClock|0,2476,0.763307301
Up Clock @ waitClock|0,2478,0.763718867
Up Clock @ waitClock|0,2480,0.764130709
Up Clock @ waitClock|0,2482,0.764542817
Up Clock @ waitClock|0,2484,0.764955181
Up Clock @ waitClock|0,2486,0.765367788
Up Clock @ waitClock|0,2488,0.765780629
Up Clock @ waitClock|0,2490,0.766193692
Up Clock @ waitClock|0,2492,0.766606968
Up Clock @ waitClock|0,2494,0.767020445
Up Clock @ waitClock|0,2496,0.767434114
Up Clock @ waitClock|0,2498,0.767847964
Up Clock @ waitClock|0,2500,0.768261986
Up Clock @ waitClock|0,2502,0.768676168
Up Clock @ waitClock|0,2504,0.769090502
Up Clock @ waitClock|0,2506,0.769504977
Up Clock @ waitClock|0,2508,0.769919584
Up Clock @ waitClock|0,2510,0.770334313
Up Clock @ waitClock|0,2512,0.770749155
Up Clock @ waitClock|0,2514,0.771164100
Up Clock @ waitClock|0,2516,0.771579140
Up Clock @ waitClock|0,2518,0.771994264
Up Clock @ waitClock|0,2520,0.772409464
Up Clock @ waitClock|0,2522,0.772824730
Up Clock @ waitClock|0,2524,0.773240055
Up Clock @ waitClock|0,2526,0.773655428
Up Clock @ waitClock|0,2528,0.774070842
Up Clock @ waitClock|0,2530,0.774486288
Up Clock @ waitClock|0,2532,0.774837709
Up Clock @ waitClock|0,2534,0.775089965
Up Clock @ waitClock|0,2536,0.775250181
Up Clock @ waitClock|0,2538,0.775344366
Up Clock @ waitClock|0,2540,0.775398628
Up Clock @ waitClock|0,2542,0.775432068
Up Clock @ waitClock|0,2544,0.775456540
Up Clock @ waitClock|0,2546,0.775478665
Up Clock @ waitClock|0,2548,0.775501869
Up Clock @ waitClock|0,2550,0.775527817
Up Clock @ waitClock|0,2552,0.775557275
Up Clock @ waitClock|0,2554,0.775590566
Up Clock @ waitClock|0,2556,0.775627810
Up Clock @ waitClock|0,2558,0.775669035
Up Clock @ waitClock|0,2560,0.775714226
Up Clock @ waitClock|0,2562,0.775763354
Up Clock @ waitClock|0,2564,0.775816380
Up Clock @ waitClock|0,2566,0.775873264
Up Clock @ waitClock|0,2568,0.775933964
Up Clock @ waitClock|0,2570,0.775998439
Up Clock @ waitClock|0,2572,0.776066647
Up Clock @ waitClock|0,2574,0.776138549
Up Clock @ waitClock|0,2576,0.776214101
Up Clock @ waitClock|0,2578,0.776293265
Up Clock @ waitClock|0,2580,0.776376001
Up Clock @ waitClock|0,2582,0.776462268
Up Clock @ waitClock|0,2584,0.776552027
Up Clock @ waitClock|0,2586,0.776645239
Up Clock @ waitClock|0,2588,0.776741866
Up Clock @ waitClock|0,2590,0.776841870
Up Clock @ waitClock|0,2592,0.776945211
Up Clock @ waitClock|0,2594,0.777051854
Up Clock @ waitClock|0,2596,0.777161760
Up Clock @ waitClock|0,2598,0.777274892
Up Clock @ waitClock|0,2600,0.777391214
Up Clock @ waitClock|0,2602,0.777510690
Up Clock @ waitClock|0,2604,0.777633284
Up Clock @ waitClock|0,2606,0.777758959
Up Clock @ waitClock|0,2608,0.777887681
Up Clock @ waitClock|0,2610,0.778019415
Up Clock @ waitClock|0,2612,0.778154126
Up Clock @ waitClock|0,2614,0.778291779
Up Clock @ waitClock|0,2616,0.778432341
Up Clock @ waitClock|0,2618,0.778575778
Up Clock @ waitClock|0,2620,0.778722056
Up Clock @ waitClock|0,2622,0.778871142
Up Clock @ waitClock|0,2624,0.779023003
Up Clock @ waitClock|0,2626,0.779177607
Up Clock @ waitClock|0,2628,0.779334921
Up Clock @ waitClock|0,2630,0.779494913
Up Clock @ waitClock|0,2632,0.779657553
Up Clock @ waitClock|0,2634,0.779822807
Up Clock @ waitClock|0,2636,0.779990646
Up Clock @ waitClock|0,2638,0.780161038
Up Clock @ waitClock|0,2640,0.780333952
Up Clock @ waitClock|0,2642,0.780509359
Up Clock @ waitClock|0,2644,0.780687229
Up Clock @ waitClock|0,2646,0.780867531
Up Clock @ waitClock|0,2648,0.781050236
Up Clock @ waitClock|0,2650,0.781235315
Up Clock @ waitClock|0,2652,0.781422740
Up Clock @ waitClock|0,2654,0.781612480
Up Clock @ waitClock|0,2656,0.781804508
Up Clock @ waitClock|0,2658,0.781998796
Up Clock @ waitClock|0,2660,0.782195316
Up Clock @ waitClock|0,2662,0.782394040
Up Clock @ waitClock|0,2664,0.782594941
Up Clock @ waitClock|0,2666,0.782797991
Up Clock @ waitClock|0,2668,0.783003164
Up Clock @ waitClock|0,2670,0.783210432
Up Clock @ waitClock|0,2672,0.783419771
Up Clock @ waitClock|0,2674,0.783631152
Up Clock @ waitClock|0,2676,0.783844551
Up Clock @ waitClock|0,2678,0.784059942
Up Clock @ waitClock|0,2680,0.784277299
Up Clock @ waitClock|0,2682,0.784496597
Up Clock @ waitClock|0,2684,0.784717811
Up Clock @ waitClock|0,2686,0.784940916
Up Clock @ waitClock|0,2688,0.785165887
Up Clock @ waitClock|0,2690,0.785392701
Up Clock @ waitClock|0,2692,0.785621333
Up Clock @ waitClock|0,2694,0.785851760
Up Clock @ waitClock|0,2696,0.786083957
Up Clock @ waitClock|0,2698,0.786317901
Up Clock @ waitClock|0,2700,0.786553569
Up Clock @ waitClock|0,2702,0.786790938
Up Clock @ waitClock|0,2704,0.787029985
Up Clock @ waitClock|0,2706,0.787270687
Up Clock @ waitClock|0,2708,0.787513023
Up Clock @ waitClock|0,2710,0.787756969
Up Clock @ waitClock|0,2712,0.788002505
Up Clock @ waitClock|0,2714,0.788249607
Up Clock @ waitClock|0,2716,0.788498255
Up Clock @ waitClock|0,2718,0.788748428
Up Clock @ waitClock|0,2720,0.789000103
Up Clock @ waitClock|0,2722,0.789253260
Up Clock @ waitClock|0,2724,0.789507879
Up Clock @ waitClock|0,2726,0.789763938
Up Clock @ waitClock|0,2728,0.790021418
Up Clock @ waitClock|0,2730,0.790280297
Up Clock @ waitClock|0,2732,0.790540557
Up Clock @ waitClock|0,2734,0.790802176
Up Clock @ waitClock|0,2736,0.791065136
Up Clock @ waitClock|0,2738,0.791329417
Up Clock @ waitClock|0,2740,0.791595000
Up Clock @ waitClock|0,2742,0.791861866
Up Clock @ waitClock|0,2744,0.792129995
Up Clock @ waitClock|0,2746,0.792399369
Up Clock @ waitClock|0,2748,0.792669969
Up Clock @ waitClock|0,2750,0.792941777
Up Clock @ waitClock|0,2752,0.793214775
Up Clock @ waitClock|0,2754,0.793488944
Up Clock @ waitClock|0,2756,0.793764268
Up Clock @ waitClock|0,2758,0.794040727
Up Clock @ waitClock|0,2760,0.794318304
Up Clock @ waitClock|0,2762,0.794596983
Up Clock @ waitClock|0,2764,0.794876746
Up Clock @ waitClock|0,2766,0.795157575
Up Clock @ waitClock|0,2768,0.795439454
Up Clock @ waitClock|0,2770,0.795722366
Up Clock @ waitClock|0,2772,0.796006294
Up Clock @ waitClock|0,2774,0.796291223
Up Clock @ waitClock|0,2776,0.796577135
Up Clock @ waitClock|0,2778,0.796864015
Up Clock @ waitClock|0,2780,0.797151846
Up Clock @ waitClock|0,2782,0.797440614
Up Clock @ waitClock|0,2784,0.797730301
Up Clock @ waitClock|0,2786,0.798020893
Up Clock @ waitClock|0,2788,0.798312375
Up Clock @ waitClock|0,2790,0.798604730
Up Clock @ waitClock|0,2792,0.798897944
Up Clock @ waitClock|0,2794,0.799192003
Up Clock @ waitClock|0,2796,0.799486890
Up Clock @ waitClock|0,2798,0.799782592
Up Clock @ waitClock|0,2800,0.800079095
Up Clock @ waitClock|0,2802,0.800376382
Up Clock @ waitClock|0,2804,0.800674442
Up Clock @ waitClock|0,2806,0.800973258
Up Clock @ waitClock|0,2808,0.801272818
Up Clock @ waitClock|0,2810,0.801573107
Up Clock @ waitClock|0,2812,0.801874113
Up Clock @ waitClock|0,2814,0.802175820
Up Clock @ waitClock|0,2816,0.802478216
Up Clock @ waitClock|0,2818,0.802781288
Up Clock @ waitClock|0,2820,0.803085022
Up Clock @ waitClock|0,2822,0.803389405
Up Clock @ waitClock|0,2824,0.803694425
Up Clock @ waitClock|0,2826,0.804000068
Up Clock @ waitClock|0,2828,0.804306322
Up Clock @ waitClock|0,2830,0.804613174
Up Clock @ waitClock|0,2832,0.804920612
Up Clock @ waitClock|0,2834,0.805228624
Up Clock @ waitClock|0,2836,0.805537197
Up Clock @ waitClock|0,2838,0.805846320
Up Clock @ waitClock|0,2840,0.806155979
Up Clock @ waitClock|0,2842,0.806466165
Up Clock @ waitClock|0,2844,0.806776864
Up Clock @ waitClock|0,2846,0.807088065
Up Clock @ waitClock|0,2848,0.807399757
Up Clock @ waitClock|0,2850,0.807711928
Up Clock @ waitClock|0,2852,0.808024567
Up Clock @ waitClock|0,2854,0.808337663
Up Clock @ waitClock|0,2856,0.808651205
Up Clock @ waitClock|0,2858,0.808965182
Up Clock @ waitClock|0,2860,0.809279583
Up Clock @ waitClock|0,2862,0.809594397
Up Clock @ waitClock|0,2864,0.809909614
Up Clock @ waitClock|0,2866,0.810225223
Up Clock @ waitClock|0,2868,0.810541214
Up Clock @ waitClock|0,2870,0.810857576
Up Clock @ waitClock|0,2872,0.811174300
Up Clock @ waitClock|0,2874,0.811491374
Up Clock @ waitClock|0,2876,0.811808790
Up Clock @ waitClock|0,2878,0.812126538
Up Clock @ waitClock|0,2880,0.812444606
Up Clock @ waitClock|0,2882,0.812762987
Up Clock @ waitClock|0,2884,0.813081670
Up Clock @ waitClock|0,2886,0.813400645
Up Clock @ waitClock|0,2888,0.813719904
Up Clock @ waitClock|0,2890,0.814039436
Up Clock @ waitClock|0,2892,0.814359234
Up Clock @ waitClock|0,2894,0.814679286
Up Clock @ waitClock|0,2896,0.814999586
Up Clock @ waitClock|0,2898,0.815320123
Up Clock @ waitClock|0,2900,0.815640888
Up Clock @ waitClock|0,2902,0.815961874
Up Clock @ waitClock|0,2904,0.816283071
Up Clock @ waitClock|0,2906,0.816604471
Up Clock @ waitClock|0,2908,0.816926064
Up Clock @ waitClock|0,2910,0.817247844
Up Clock @ waitClock|0,2912,0.817569801
Up Clock @ waitClock|0,2914,0.817891927
Up Clock @ waitClock|0,2916,0.818214214
Up Clock @ waitClock|0,2918,0.818536654
Up Clock @ waitClock|0,2920,0.818859240
Up Clock @ waitClock|0,2922,0.819181962
Up Clock @ waitClock|0,2924,0.819504813
Up Clock @ waitClock|0,2926,0.819827786
Up Clock @ waitClock|0,2928,0.820150873
Up Clock @ waitClock|0,2930,0.820474066
Up Clock @ waitClock|0,2932,0.820797357
Up Clock @ waitClock|0,2934,0.821120740
Up Clock @ waitClock|0,2936,0.821444207
Up Clock @ waitClock|0,2938,0.821767750
Up Clock @ waitClock|0,2940,0.822091363
Up Clock @ waitClock|0,2942,0.822415038
Up Clock @ waitClock|0,2944,0.822738769
Up Clock @ waitClock|0,2946,0.823062548
Up Clock @ waitClock|0,2948,0.823386368
Up Clock @ waitClock|0,2950,0.823710222
Up Clock @ waitClock|0,2952,0.824034105
Up Clock @ waitClock|0,2954,0.824323655
Up Clock @ waitClock|0,2956,0.824549355
Up Clock @ waitClock|0,2958,0.824705826
Up Clock @ waitClock|0,2960,0.824805304
Up Clock @ waitClock|0,2962,0.824865573
Up Clock @ waitClock|0,2964,0.824902409
Up Clock @ waitClock|0,2966,0.824927090
Up Clock @ waitClock|0,2968,0.824946694
Up Clock @ waitClock|0,2970,0.824965274
Up Clock @ waitClock|0,2972,0.824984996
Up Clock @ waitClock|0,2974,0.825006950
Up Clock @ waitClock|0,2976,0.825031653
Up Clock @ waitClock|0,2978,0.825059333
Up Clock @ waitClock|0,2980,0.825090075
Up Clock @ waitClock|0,2982,0.825123900
Up Clock @ waitClock|0,2984,0.825160799
Up Clock @ waitClock|0,2986,0.825200747
Up Clock @ waitClock|0,2988,0.825243716
Up Clock @ waitClock|0,2990,0.825289674
Up Clock @ waitClock|0,2992,0.825338591
Up Clock @ waitClock|0,2994,0.825390432
Up Clock @ waitClock|0,2996,0.825445168
Up Clock @ waitClock|0,2998,0.825502764
Up Clock @ waitClock|0,3000,0.825563191
Up Clock @ waitClock|0,3002,0.825626416
Up Clock @ waitClock|0,3004,0.825692409
Up Clock @ waitClock|0,3006,0.825761139
Up Clock @ waitClock|0,3008,0.825832574
Up Clock @ waitClock|0,3010,0.825906686
Up Clock @ waitClock|0,3012,0.825983444
Up Clock @ waitClock|0,3014,0.826062818
Up Clock @ waitClock|0,3016,0.826144778
Up Clock @ waitClock|0,3018,0.826229297
Up Clock @ waitClock|0,3020,0.826316344
Up Clock @ waitClock|0,3022,0.826405891
Up Clock @ waitClock|0,3024,0.826497910
Up Clock @ waitClock|0,3026,0.826592372
Up Clock @ waitClock|0,3028,0.826689250
Up Clock @ waitClock|0,3030,0.826788515
Up Clock @ waitClock|0,3032,0.826890141
Up Clock @ waitClock|0,3034,0.826994101
Up Clock @ waitClock|0,3036,0.827100367
Up Clock @ waitClock|0,3038,0.827208912
Up Clock @ waitClock|0,3040,0.827319711
Up Clock @ waitClock|0,3042,0.827432737
Up Clock @ waitClock|0,3044,0.827547965
Up Clock @ waitClock|0,3046,0.827665367
Up Clock @ waitClock|0,3048,0.827784920
Up Clock @ waitClock|0,3050,0.827906597
Up Clock @ waitClock|0,3052,0.828030374
Up Clock @ waitClock|0,3054,0.828156225
Up Clock @ waitClock|0,3056,0.828284127
Up Clock @ waitClock|0,3058,0.828414055
Up Clock @ waitClock|0,3060,0.828545984
Up Clock @ waitClock|0,3062,0.828679891
Up Clock @ waitClock|0,3064,0.828815752
Up Clock @ waitClock|0,3066,0.828953543
Up Clock @ waitClock|0,3068,0.829093241
Up Clock @ waitClock|0,3070,0.829234824
Up Clock @ waitClock|0,3072,0.829378268
Up Clock @ waitClock|0,3074,0.829523551
Up Clock @ waitClock|0,3076,0.829670649
Up Clock @ waitClock|0,3078,0.829819542
Up Clock @ waitClock|0,3080,0.829970206
Up Clock @ waitClock|0,3082,0.830122620
Up Clock @ waitClock|0,3084,0.830276763
Up Clock @ waitClock|0,3086,0.830432612
Up Clock @ waitClock|0,3088,0.830590147
Up Clock @ waitClock|0,3090,0.830749347
Up Clock @ waitClock|0,3092,0.830910190
Up Clock @ waitClock|0,3094,0.831072656
Up Clock @ waitClock|0,3096,0.831236724
Up Clock @ waitClock|0,3098,0.831402375
Up Clock @ waitClock|0,3100,0.831569587
Up Clock @ waitClock|0,3102,0.831738342
Up Clock @ waitClock|0,3104,0.831908619
Up Clock @ waitClock|0,3106,0.832080398
Up Clock @ waitClock|0,3108,0.832253661
Up Clock @ waitClock|0,3110,0.832428388
Up Clock @ waitClock|0,3112,0.832604560
Up Clock @ waitClock|0,3114,0.832782157
Up Clock @ waitClock|0,3116,0.832961163
Up Clock @ waitClock|0,3118,0.833141557
Up Clock @ waitClock|0,3120,0.833323322
Up Clock @ waitClock|0,3122,0.833506439
Up Clock @ waitClock|0,3124,0.833690890
Up Clock @ waitClock|0,3126,0.833876658
Up Clock @ waitClock|0,3128,0.834063725
Up Clock @ waitClock|0,3130,0.834252073
Up Clock @ waitClock|0,3132,0.834441684
Up Clock @ waitClock|0,3134,0.834632543
Up Clock @ waitClock|0,3136,0.834824630
Up Clock @ waitClock|0,3138,0.835017931
Up Clock @ waitClock|0,3140,0.835212428
Up Clock @ waitClock|0,3142,0.835408104
Up Clock @ waitClock|0,3144,0.835604942
Up Clock @ waitClock|0,3146,0.835802928
Up Clock @ waitClock|0,3148,0.836002044
Up Clock @ waitClock|0,3150,0.836202274
Up Clock @ waitClock|0,3152,0.836403604
Up Clock @ waitClock|0,3154,0.836606016
Up Clock @ waitClock|0,3156,0.836809496
Up Clock @ waitClock|0,3158,0.837014028
Up Clock @ waitClock|0,3160,0.837219597
Up Clock @ waitClock|0,3162,0.837426187
Up Clock @ waitClock|0,3164,0.837633785
Up Clock @ waitClock|0,3166,0.837842374
Up Clock @ waitClock|0,3168,0.838051941
Up Clock @ waitClock|0,3170,0.838262470
Up Clock @ waitClock|0,3172,0.838473948
Up Clock @ waitClock|0,3174,0.838686360
Up Clock @ waitClock|0,3176,0.838899691
Up Clock @ waitClock|0,3178,0.839113929
Up Clock @ waitClock|0,3180,0.839329058
Up Clock @ waitClock|0,3182,0.839545066
Up Clock @ waitClock|0,3184,0.839761938
Up Clock @ waitClock|0,3186,0.839979662
Up Clock @ waitClock|0,3188,0.840198223
Up Clock @ waitClock|0,3190,0.840417608
Up Clock @ waitClock|0,3192,0.840637806
Up Clock @ waitClock|0,3194,0.840858801
Up Clock @ waitClock|0,3196,0.841080582
Up Clock @ waitClock|0,3198,0.841303136
Up Clock @ waitClock|0,3200,0.841526450
Up Clock @ waitClock|0,3202,0.841750512
Up Clock @ waitClock|0,3204,0.841975308
Up Clock @ waitClock|0,3206,0.842200828
Up Clock @ waitClock|0,3208,0.842427059
Up Clock @ waitClock|0,3210,0.842653988
Up Clock @ waitClock|0,3212,0.842881605
Up Clock @ waitClock|0,3214,0.843109896
Up Clock @ waitClock|0,3216,0.843338851
Up Clock @ waitClock|0,3218,0.843568458
Up Clock @ waitClock|0,3220,0.843798704
Up Clock @ waitClock|0,3222,0.844029580
Up Clock @ waitClock|0,3224,0.844261074
Up Clock @ waitClock|0,3226,0.844493173
Up Clock @ waitClock|0,3228,0.844725869
Up Clock @ waitClock|0,3230,0.844959149
Up Clock @ waitClock|0,3232,0.845193002
Up Clock @ waitClock|0,3234,0.845427419
Up Clock @ waitClock|0,3236,0.845662388
Up Clock @ waitClock|0,3238,0.845897899
Up Clock @ waitClock|0,3240,0.846133941
Up Clock @ waitClock|0,3242,0.846370504
Up Clock @ waitClock|0,3244,0.846607578
Up Clock @ waitClock|0,3246,0.846845153
Up Clock @ waitClock|0,3248,0.847083218
Up Clock @ waitClock|0,3250,0.847321765
Up Clock @ waitClock|0,3252,0.847560782
Up Clock @ waitClock|0,3254,0.847800260
Up Clock @ waitClock|0,3256,0.848040190
Up Clock @ waitClock|0,3258,0.848280562
Up Clock @ waitClock|0,3260,0.848521367
Up Clock @ waitClock|0,3262,0.848762595
Up Clock @ waitClock|0,3264,0.849004236
Up Clock @ waitClock|0,3266,0.849246283
Up Clock @ waitClock|0,3268,0.849488725
Up Clock @ waitClock|0,3270,0.849731554
Up Clock @ waitClock|0,3272,0.849974760
Up Clock @ waitClock|0,3274,0.850218336
Up Clock @ waitClock|0,3276,0.850462271
Up Clock @ waitClock|0,3278,0.850706558
Up Clock @ waitClock|0,3280,0.850951189
Up Clock @ waitClock|0,3282,0.851196153
Up Clock @ waitClock|0,3284,0.851441444
Up Clock @ waitClock|0,3286,0.851687052
Up Clock @ waitClock|0,3288,0.851932970
Up Clock @ waitClock|0,3290,0.852179190
Up Clock @ waitClock|0,3292,0.852425702
Up Clock @ waitClock|0,3294,0.852672500
Up Clock @ waitClock|0,3296,0.852919576
Up Clock @ waitClock|0,3298,0.853166921
Up Clock @ waitClock|0,3300,0.853414528
Up Clock @ waitClock|0,3302,0.853662388
Up Clock @ waitClock|0,3304,0.853910496
Up Clock @ waitClock|0,3306,0.854158842
Up Clock @ waitClock|0,3308,0.854407421
Up Clock @ waitClock|0,3310,0.854656223
Up Clock @ waitClock|0,3312,0.854905242
Up Clock @ waitClock|0,3314,0.855154471
Up Clock @ waitClock|0,3316,0.855403902
Up Clock @ waitClock|0,3318,0.855653529
Up Clock @ waitClock|0,3320,0.855903344
Up Clock @ waitClock|0,3322,0.856153341
Up Clock @ waitClock|0,3324,0.856403512
Up Clock @ waitClock|0,3326,0.856653851
Up Clock @ waitClock|0,3328,0.856904352
Up Clock @ waitClock|0,3330,0.857155006
Up Clock @ waitClock|0,3332,0.857405809
Up Clock @ waitClock|0,3334,0.857656753
Up Clock @ waitClock|0,3336,0.857907831
Up Clock @ waitClock|0,3338,0.858159039
Up Clock @ waitClock|0,3340,0.858410368
Up Clock @ waitClock|0,3342,0.858661813
Up Clock @ waitClock|0,3344,0.858913368
Up Clock @ waitClock|0,3346,0.859165026
Up Clock @ waitClock|0,3348,0.859416782
Up Clock @ waitClock|0,3350,0.859668630
Up Clock @ waitClock|0,3352,0.859920563
Up Clock @ waitClock|0,3354,0.860172575
Up Clock @ waitClock|0,3356,0.860424661
Up Clock @ waitClock|0,3358,0.860676816
Up Clock @ waitClock|0,3360,0.860929033
Up Clock @ waitClock|0,3362,0.861181306
Up Clock @ waitClock|0,3364,0.861433631
Up Clock @ waitClock|0,3366,0.861686001
Up Clock @ waitClock|0,3368,0.861938411
Up Clock @ waitClock|0,3370,0.862190856
Up Clock @ waitClock|0,3372,0.862443331
Up Clock @ waitClock|0,3374,0.862695829
Up Clock @ waitClock|0,3376,0.862929920
Up Clock @ waitClock|0,3378,0.863124048
Up Clock @ waitClock|0,3380,0.863268616
Up Clock @ waitClock|0,3382,0.863367176
Up Clock @ waitClock|0,3384,0.863430352
Up Clock @ waitClock|0,3386,0.863469903
Up Clock @ waitClock|0,3388,0.863495541
Up Clock @ waitClock|0,3390,0.863514093
Up Clock @ waitClock|0,3392,0.863529868
Up Clock @ waitClock|0,3394,0.863545379
Up Clock @ waitClock|0,3396,0.863561997
Up Clock @ waitClock|0,3398,0.863580431
Up Clock @ waitClock|0,3400,0.863601027
Up Clock @ waitClock|0,3402,0.863623938
Up Clock @ waitClock|0,3404,0.863649225
Up Clock @ waitClock|0,3406,0.863676901
Up Clock @ waitClock|0,3408,0.863706959
Up Clock @ waitClock|0,3410,0.863739380
Up Clock @ waitClock|0,3412,0.863774142
Up Clock @ waitClock|0,3414,0.863811221
Up Clock @ waitClock|0,3416,0.863850592
Up Clock @ waitClock|0,3418,0.863892230
Up Clock @ waitClock|0,3420,0.863936110
Up Clock @ waitClock|0,3422,0.863982208
Up Clock @ waitClock|0,3424,0.864030499
Up Clock @ waitClock|0,3426,0.864080959
Up Clock @ waitClock|0,3428,0.864133563
Up Clock @ waitClock|0,3430,0.864188289
Up Clock @ waitClock|0,3432,0.864245111
Up Clock @ waitClock|0,3434,0.864304007
Up Clock @ waitClock|0,3436,0.864364953
Up Clock @ waitClock|0,3438,0.864427927
Up Clock @ waitClock|0,3440,0.864492905
Up Clock @ waitClock|0,3442,0.864559864
Up Clock @ waitClock|0,3444,0.864628784
Up Clock @ waitClock|0,3446,0.864699640
Up Clock @ waitClock|0,3448,0.864772411
Up Clock @ waitClock|0,3450,0.864847076
Up Clock @ waitClock|0,3452,0.864923612
Up Clock @ waitClock|0,3454,0.865001998
Up Clock @ waitClock|0,3456,0.865082213
Up Clock @ waitClock|0,3458,0.865164236
Up Clock @ waitClock|0,3460,0.865248046
Up Clock @ waitClock|0,3462,0.865333622
Up Clock @ waitClock|0,3464,0.865420944
Up Clock @ waitClock|0,3466,0.865509991
Up Clock @ waitClock|0,3468,0.865600743
Up Clock @ waitClock|0,3470,0.865693181
Up Clock @ waitClock|0,3472,0.865787284
Up Clock @ waitClock|0,3474,0.865883033
Up Clock @ waitClock|0,3476,0.865980408
Up Clock @ waitClock|0,3478,0.866079391
Up Clock @ waitClock|0,3480,0.866179961
Up Clock @ waitClock|0,3482,0.866282101
Up Clock @ waitClock|0,3484,0.866385791
Up Clock @ waitClock|0,3486,0.866491014
Up Clock @ waitClock|0,3488,0.866597749
Up Clock @ waitClock|0,3490,0.866705980
Up Clock @ waitClock|0,3492,0.866815688
Up Clock @ waitClock|0,3494,0.866926855
Up Clock @ waitClock|0,3496,0.867039464
Up Clock @ waitClock|0,3498,0.867153497
Up Clock @ waitClock|0,3500,0.867268936
Up Clock @ waitClock|0,3502,0.867385765
Up Clock @ waitClock|0,3504,0.867503965
Up Clock @ waitClock|0,3506,0.867623521
Up Clock @ waitClock|0,3508,0.867744416
Up Clock @ waitClock|0,3510,0.867866631
Up Clock @ waitClock|0,3512,0.867990153
Up Clock @ waitClock|0,3514,0.868114963
Up Clock @ waitClock|0,3516,0.868241045
Up Clock @ waitClock|0,3518,0.868368385
Up Clock @ waitClock|0,3520,0.868496965
Up Clock @ waitClock|0,3522,0.868626770
Up Clock @ waitClock|0,3524,0.868757784
Up Clock @ waitClock|0,3526,0.868889993
Up Clock @ waitClock|0,3528,0.869023379
Up Clock @ waitClock|0,3530,0.869157930
Up Clock @ waitClock|0,3532,0.869293628
Up Clock @ waitClock|0,3534,0.869430460
Up Clock @ waitClock|0,3536,0.869568410
Up Clock @ waitClock|0,3538,0.869707465
Up Clock @ waitClock|0,3540,0.869847609
Up Clock @ waitClock|0,3542,0.869988827
Up Clock @ waitClock|0,3544,0.870131107
Up Clock @ waitClock|0,3546,0.870274434
Up Clock @ waitClock|0,3548,0.870418793
Up Clock @ waitClock|0,3550,0.870564171
Up Clock @ waitClock|0,3552,0.870710554
Up Clock @ waitClock|0,3554,0.870857929
Up Clock @ waitClock|0,3556,0.871006282
Up Clock @ waitClock|0,3558,0.871155599
Up Clock @ waitClock|0,3560,0.871305869
Up Clock @ waitClock|0,3562,0.871457076
Up Clock @ waitClock|0,3564,0.871609209
Up Clock @ waitClock|0,3566,0.871762254
Up Clock @ waitClock|0,3568,0.871916200
Up Clock @ waitClock|0,3570,0.872071032
Up Clock @ waitClock|0,3572,0.872226739
Up Clock @ waitClock|0,3574,0.872383308
Up Clock @ waitClock|0,3576,0.872540727
Up Clock @ waitClock|0,3578,0.872698985
Up Clock @ waitClock|0,3580,0.872858067
Up Clock @ waitClock|0,3582,0.873017964
Up Clock @ waitClock|0,3584,0.873178663
Up Clock @ waitClock|0,3586,0.873340152
Up Clock @ waitClock|0,3588,0.873502419
Up Clock @ waitClock|0,3590,0.873665454
Up Clock @ waitClock|0,3592,0.873829245
Up Clock @ waitClock|0,3594,0.873993780
Up Clock @ waitClock|0,3596,0.874159048
Up Clock @ waitClock|0,3598,0.874325039
Up Clock @ waitClock|0,3600,0.874491741
Up Clock @ waitClock|0,3602,0.874659143
Up Clock @ waitClock|0,3604,0.874827235
Up Clock @ waitClock|0,3606,0.874996006
Up Clock @ waitClock|0,3608,0.875165445
Up Clock @ waitClock|0,3610,0.875335542
Up Clock @ waitClock|0,3612,0.875506287
Up Clock @ waitClock|0,3614,0.875677669
Up Clock @ waitClock|0,3616,0.875849678
Up Clock @ waitClock|0,3618,0.876022304
Up Clock @ waitClock|0,3620,0.876195537
Up Clock @ waitClock|0,3622,0.876369367
Up Clock @ waitClock|0,3624,0.876543785
Up Clock @ waitClock|0,3626,0.876718780
Up Clock @ waitClock|0,3628,0.876894344
Up Clock @ waitClock|0,3630,0.877070466
Up Clock @ waitClock|0,3632,0.877247137
Up Clock @ waitClock|0,3634,0.877424348
Up Clock @ waitClock|0,3636,0.877602089
Up Clock @ waitClock|0,3638,0.877780352
Up Clock @ waitClock|0,3640,0.877959126
Up Clock @ waitClock|0,3642,0.878138405
Up Clock @ waitClock|0,3644,0.878318177
Up Clock @ waitClock|0,3646,0.878498436
Up Clock @ waitClock|0,3648,0.878679171
Up Clock @ waitClock|0,3650,0.878860374
Up Clock @ waitClock|0,3652,0.879042037
Up Clock @ waitClock|0,3654,0.879224151
Up Clock @ waitClock|0,3656,0.879406708
Up Clock @ waitClock|0,3658,0.879589699
Up Clock @ waitClock|0,3660,0.879773116
Up Clock @ waitClock|0,3662,0.879956952
Up Clock @ waitClock|0,3664,0.880141197
Up Clock @ waitClock|0,3666,0.880325844
Up Clock @ waitClock|0,3668,0.880510886
Up Clock @ waitClock|0,3670,0.880696313
Up Clock @ waitClock|0,3672,0.880882119
Up Clock @ waitClock|0,3674,0.881068295
Up Clock @ waitClock|0,3676,0.881254835
Up Clock @ waitClock|0,3678,0.881441730
Up Clock @ waitClock|0,3680,0.881628973
Up Clock @ waitClock|0,3682,0.881816557
Up Clock @ waitClock|0,3684,0.882004474
Up Clock @ waitClock|0,3686,0.882192717
Up Clock @ waitClock|0,3688,0.882381279
Up Clock @ waitClock|0,3690,0.882570152
Up Clock @ waitClock|0,3692,0.882759331
Up Clock @ waitClock|0,3694,0.882948807
Up Clock @ waitClock|0,3696,0.883138573
Up Clock @ waitClock|0,3698,0.883328624
Up Clock @ waitClock|0,3700,0.883518952
Up Clock @ waitClock|0,3702,0.883709550
Up Clock @ waitClock|0,3704,0.883900412
Up Clock @ waitClock|0,3706,0.884091532
Up Clock @ waitClock|0,3708,0.884282902
Up Clock @ waitClock|0,3710,0.884474516
Up Clock @ waitClock|0,3712,0.884666368
Up Clock @ waitClock|0,3714,0.884858452
Up Clock @ waitClock|0,3716,0.885050761
Up Clock @ waitClock|0,3718,0.885243289
Up Clock @ waitClock|0,3720,0.885436030
Up Clock @ waitClock|0,3722,0.885628978
Up Clock @ waitClock|0,3724,0.885822127
Up Clock @ waitClock|0,3726,0.886015471
Up Clock @ waitClock|0,3728,0.886209004
Up Clock @ waitClock|0,3730,0.886402720
Up Clock @ waitClock|0,3732,0.886596613
Up Clock @ waitClock|0,3734,0.886790679
Up Clock @ waitClock|0,3736,0.886984910
Up Clock @ waitClock|0,3738,0.887179302
Up Clock @ waitClock|0,3740,0.887373848
Up Clock @ waitClock|0,3742,0.887568544
Up Clock @ waitClock|0,3744,0.887763384
Up Clock @ waitClock|0,3746,0.887958363
Up Clock @ waitClock|0,3748,0.888153475
Up Clock @ waitClock|0,3750,0.888348715
Up Clock @ waitClock|0,3752,0.888544077
Up Clock @ waitClock|0,3754,0.888739558
Up Clock @ waitClock|0,3756,0.888935150
Up Clock @ waitClock|0,3758,0.889130851
Up Clock @ waitClock|0,3760,0.889326653
Up Clock @ waitClock|0,3762,0.889522554
Up Clock @ waitClock|0,3764,0.889718546
Up Clock @ waitClock|0,3766,0.889914627
Up Clock @ waitClock|0,3768,0.890110790
Up Clock @ waitClock|0,3770,0.890307032
Up Clock @ waitClock|0,3772,0.890503347
Up Clock @ waitClock|0,3774,0.890699731
Up Clock @ waitClock|0,3776,0.890896179
Up Clock @ waitClock|0,3778,0.891092686
Up Clock @ waitClock|0,3780,0.891289249
Up Clock @ waitClock|0,3782,0.891485863
Up Clock @ waitClock|0,3784,0.891682522
Up Clock @ waitClock|0,3786,0.891879224
Up Clock @ waitClock|0,3788,0.892075963
Up Clock @ waitClock|0,3790,0.892272735
Up Clock @ waitClock|0,3792,0.892469537
Up Clock @ waitClock|0,3794,0.892666363
Up Clock @ waitClock|0,3796,0.892863210
Up Clock @ waitClock|0,3798,0.893050189
Up Clock @ waitClock|0,3800,0.893212670
Up Clock @ waitClock|0,3802,0.893340951
Up Clock @ waitClock|0,3804,0.893433906
Up Clock @ waitClock|0,3806,0.893496868
Up Clock @ waitClock|0,3808,0.893537793
Up Clock @ waitClock|0,3810,0.893564366
Up Clock @ waitClock|0,3812,0.893582644
Up Clock @ waitClock|0,3814,0.893596831
Up Clock @ waitClock|0,3816,0.893609590
Up Clock @ waitClock|0,3818,0.893622490
Up Clock @ waitClock|0,3820,0.893636404
Up Clock @ waitClock|0,3822,0.893651791
Up Clock @ waitClock|0,3824,0.893668879
Up Clock @ waitClock|0,3826,0.893687770
Up Clock @ waitClock|0,3828,0.893708506
Up Clock @ waitClock|0,3830,0.893731094
Up Clock @ waitClock|0,3832,0.893755528
Up Clock @ waitClock|0,3834,0.893781793
Up Clock @ waitClock|0,3836,0.893809873
Up Clock @ waitClock|0,3838,0.893839748
Up Clock @ waitClock|0,3840,0.893871399
Up Clock @ waitClock|0,3842,0.893904807
Up Clock @ waitClock|0,3844,0.893939953
Up Clock @ waitClock|0,3846,0.893976818
Up Clock @ waitClock|0,3848,0.894015382
Up Clock @ waitClock|0,3850,0.894055627
Up Clock @ waitClock|0,3852,0.894097533
Up Clock @ waitClock|0,3854,0.894141084
Up Clock @ waitClock|0,3856,0.894186259
Up Clock @ waitClock|0,3858,0.894233041
Up Clock @ waitClock|0,3860,0.894281411
Up Clock @ waitClock|0,3862,0.894331353
Up Clock @ waitClock|0,3864,0.894382848
Up Clock @ waitClock|0,3866,0.894435878
Up Clock @ waitClock|0,3868,0.894490427
Up Clock @ waitClock|0,3870,0.894546477
Up Clock @ waitClock|0,3872,0.894604010
Up Clock @ waitClock|0,3874,0.894663010
Up Clock @ waitClock|0,3876,0.894723461
Up Clock @ waitClock|0,3878,0.894785344
Up Clock @ waitClock|0,3880,0.894848645
Up Clock @ waitClock|0,3882,0.894913347
Up Clock @ waitClock|0,3884,0.894979432
Up Clock @ waitClock|0,3886,0.895046886
Up Clock @ waitClock|0,3888,0.895115693
Up Clock @ waitClock|0,3890,0.895185836
Up Clock @ waitClock|0,3892,0.895257300
Up Clock @ waitClock|0,3894,0.895330070
Up Clock @ waitClock|0,3896,0.895404130
Up Clock @ waitClock|0,3898,0.895479465
Up Clock @ waitClock|0,3900,0.895556059
Up Clock @ waitClock|0,3902,0.895633899
Up Clock @ waitClock|0,3904,0.895712969
Up Clock @ waitClock|0,3906,0.895793254
Up Clock @ waitClock|0,3908,0.895874741
Up Clock @ waitClock|0,3910,0.895957413
Up Clock @ waitClock|0,3912,0.896041258
Up Clock @ waitClock|0,3914,0.896126262
Up Clock @ waitClock|0,3916,0.896212409
Up Clock @ waitClock|0,3918,0.896299686
Up Clock @ waitClock|0,3920,0.896388080
Up Clock @ waitClock|0,3922,0.896477577
Up Clock @ waitClock|0,3924,0.896568163
Up Clock @ waitClock|0,3926,0.896659825
Up Clock @ waitClock|0,3928,0.896752549
Up Clock @ waitClock|0,3930,0.896846323
Up Clock @ waitClock|0,3932,0.896941134
Up Clock @ waitClock|0,3934,0.897036967
Up Clock @ waitClock|0,3936,0.897133812
Up Clock @ waitClock|0,3938,0.897231655
Up Clock @ waitClock|0,3940,0.897330483
Up Clock @ waitClock|0,3942,0.897430284
Up Clock @ waitClock|0,3944,0.897531045
Up Clock @ waitClock|0,3946,0.897632755
Up Clock @ waitClock|0,3948,0.897735402
Up Clock @ waitClock|0,3950,0.897838972
Up Clock @ waitClock|0,3952,0.897943456
Up Clock @ waitClock|0,3954,0.898048839
Up Clock @ waitClock|0,3956,0.898155112
Up Clock @ waitClock|0,3958,0.898262262
Up Clock @ waitClock|0,3960,0.898370278
Up Clock @ waitClock|0,3962,0.898479149
Up Clock @ waitClock|0,3964,0.898588863
Up Clock @ waitClock|0,3966,0.898699409
Up Clock @ waitClock|0,3968,0.898810776
Up Clock @ waitClock|0,3970,0.898922953
Up Clock @ waitClock|0,3972,0.899035930
Up Clock @ waitClock|0,3974,0.899149695
Up Clock @ waitClock|0,3976,0.899264238
Up Clock @ waitClock|0,3978,0.899379548
Up Clock @ waitClock|0,3980,0.899495616
Up Clock @ waitClock|0,3982,0.899612430
Up Clock @ waitClock|0,3984,0.899729980
Up Clock @ waitClock|0,3986,0.899848256
Up Clock @ waitClock|0,3988,0.899967248
Up Clock @ waitClock|0,3990,0.900086947
Up Clock @ waitClock|0,3992,0.900207341
Up Clock @ waitClock|0,3994,0.900328422
Up Clock @ waitClock|0,3996,0.900450180
Up Clock @ waitClock|0,3998,0.900572604
Up Clock @ waitClock|0,4000,0.900695687
Up Clock @ waitClock|0,4002,0.900819417
Up Clock @ waitClock|0,4004,0.900943786
Up Clock @ waitClock|0,4006,0.901068785
Up Clock @ waitClock|0,4008,0.901194404
Up Clock @ waitClock|0,4010,0.901320634
Up Clock @ waitClock|0,4012,0.901447466
Up Clock @ waitClock|0,4014,0.901574892
Up Clock @ waitClock|0,4016,0.901702902
Up Clock @ waitClock|0,4018,0.901831488
Up Clock @ waitClock|0,4020,0.901960641
Up Clock @ waitClock|0,4022,0.902090352
Up Clock @ waitClock|0,4024,0.902220613
Up Clock @ waitClock|0,4026,0.902351416
Up Clock @ waitClock|0,4028,0.902482752
Up Clock @ waitClock|0,4030,0.902614613
Up Clock @ waitClock|0,4032,0.902746990
Up Clock @ waitClock|0,4034,0.902879876
Up Clock @ waitClock|0,4036,0.903013262
Up Clock @ waitClock|0,4038,0.903147142
Up Clock @ waitClock|0,4040,0.903281505
Up Clock @ waitClock|0,4042,0.903416346
Up Clock @ waitClock|0,4044,0.903551656
Up Clock @ waitClock|0,4046,0.903687427
Up Clock @ waitClock|0,4048,0.903823652
Up Clock @ waitClock|0,4050,0.903960323
Up Clock @ waitClock|0,4052,0.904097433
Up Clock @ waitClock|0,4054,0.904234975
Up Clock @ waitClock|0,4056,0.904372940
Up Clock @ waitClock|0,4058,0.904511323
Up Clock @ waitClock|0,4060,0.904650115
Up Clock @ waitClock|0,4062,0.904789311
Up Clock @ waitClock|0,4064,0.904928901
Up Clock @ waitClock|0,4066,0.905068880
Up Clock @ waitClock|0,4068,0.905209241
Up Clock @ waitClock|0,4070,0.905349977
Up Clock @ waitClock|0,4072,0.905491081
Up Clock @ waitClock|0,4074,0.905632547
Up Clock @ waitClock|0,4076,0.905774367
Up Clock @ waitClock|0,4078,0.905916535
Up Clock @ waitClock|0,4080,0.906059045
Up Clock @ waitClock|0,4082,0.906201891
Up Clock @ waitClock|0,4084,0.906345065
Up Clock @ waitClock|0,4086,0.906488561
Up Clock @ waitClock|0,4088,0.906632374
Up Clock @ waitClock|0,4090,0.906776497
Up Clock @ waitClock|0,4092,0.906920923
Up Clock @ waitClock|0,4094,0.907065648
Up Clock @ waitClock|0,4096,0.907210664
Up Clock @ waitClock|0,4098,0.907355966
Up Clock @ waitClock|0,4100,0.907501548
Up Clock @ waitClock|0,4102,0.907647403
Up Clock @ waitClock|0,4104,0.907793527
Up Clock @ waitClock|0,4106,0.907939914
Up Clock @ waitClock|0,4108,0.908086557
Up Clock @ waitClock|0,4110,0.908233452
Up Clock @ waitClock|0,4112,0.908380592
Up Clock @ waitClock|0,4114,0.908527972
Up Clock @ waitClock|0,4116,0.908675586
Up Clock @ waitClock|0,4118,0.908823430
Up Clock @ waitClock|0,4120,0.908971498
Up Clock @ waitClock|0,4122,0.909119784
Up Clock @ waitClock|0,4124,0.909268283
Up Clock @ waitClock|0,4126,0.909416991
Up Clock @ waitClock|0,4128,0.909565901
Up Clock @ waitClock|0,4130,0.909715009
Up Clock @ waitClock|0,4132,0.909864310
Up Clock @ waitClock|0,4134,0.910013799
Up Clock @ waitClock|0,4136,0.910163470
Up Clock @ waitClock|0,4138,0.910313319
Up Clock @ waitClock|0,4140,0.910463342
Up Clock @ waitClock|0,4142,0.910613532
Up Clock @ waitClock|0,4144,0.910763886
Up Clock @ waitClock|0,4146,0.910914399
Up Clock @ waitClock|0,4148,0.911065066
Up Clock @ waitClock|0,4150,0.911215883
Up Clock @ waitClock|0,4152,0.911366844
Up Clock @ waitClock|0,4154,0.911517946
Up Clock @ waitClock|0,4156,0.911669183
Up Clock @ waitClock|0,4158,0.911820552
Up Clock @ waitClock|0,4160,0.911972049
Up Clock @ waitClock|0,4162,0.912123668
Up Clock @ waitClock|0,4164,0.912275405
Up Clock @ waitClock|0,4166,0.912427257
Up Clock @ waitClock|0,4168,0.912579218
Up Clock @ waitClock|0,4170,0.912731286
Up Clock @ waitClock|0,4172,0.912883455
Up Clock @ waitClock|0,4174,0.913035721
Up Clock @ waitClock|0,4176,0.913188082
Up Clock @ waitClock|0,4178,0.913340531
Up Clock @ waitClock|0,4180,0.913493067
Up Clock @ waitClock|0,4182,0.913645684
Up Clock @ waitClock|0,4184,0.913798379
Up Clock @ waitClock|0,4186,0.913951147
Up Clock @ waitClock|0,4188,0.914103986
Up Clock @ waitClock|0,4190,0.914256891
Up Clock @ waitClock|0,4192,0.914409859
Up Clock @ waitClock|0,4194,0.914562886
Up Clock @ waitClock|0,4196,0.914715968
Up Clock @ waitClock|0,4198,0.914869102
Up Clock @ waitClock|0,4200,0.915022284
Up Clock @ waitClock|0,4202,0.915175510
Up Clock @ waitClock|0,4204,0.915328778
Up Clock @ waitClock|0,4206,0.915482083
Up Clock @ waitClock|0,4208,0.915635423
Up Clock @ waitClock|0,4210,0.915788793
Up Clock @ waitClock|0,4212,0.915942191
Up Clock @ waitClock|0,4214,0.916095613
Up Clock @ waitClock|0,4216,0.916249055
Up Clock @ waitClock|0,4218,0.916402516
Up Clock @ waitClock|0,4220,0.916550689
Up Clock @ waitClock|0,4222,0.916684080
Up Clock @ waitClock|0,4224,0.916794532
Up Clock @ waitClock|0,4226,0.916878896
Up Clock @ waitClock|0,4228,0.916939041
Up Clock @ waitClock|0,4230,0.916979810
Up Clock @ waitClock|0,4232,0.917006828
Up Clock @ waitClock|0,4234,0.917025095
Up Clock @ waitClock|0,4236,0.917038427
Up Clock @ waitClock|0,4238,0.917049444
Up Clock @ waitClock|0,4240,0.917059808
Up Clock @ waitClock|0,4242,0.917070508
Up Clock @ waitClock|0,4244,0.917082100
Up Clock @ waitClock|0,4246,0.917094881
Up Clock @ waitClock|0,4248,0.917108999
Up Clock @ waitClock|0,4250,0.917124524
Up Clock @ waitClock|0,4252,0.917141481
Up Clock @ waitClock|0,4254,0.917159874
Up Clock @ waitClock|0,4256,0.917179699
Up Clock @ waitClock|0,4258,0.917200942
Up Clock @ waitClock|0,4260,0.917223592
Up Clock @ waitClock|0,4262,0.917247633
Up Clock @ waitClock|0,4264,0.917273050
Up Clock @ waitClock|0,4266,0.917299829
Up Clock @ waitClock|0,4268,0.917327955
Up Clock @ waitClock|0,4270,0.917357413
Up Clock @ waitClock|0,4272,0.917388188
Up Clock @ waitClock|0,4274,0.917420265
Up Clock @ waitClock|0,4276,0.917453630
Up Clock @ waitClock|0,4278,0.917488268
Up Clock @ waitClock|0,4280,0.917524166
Up Clock @ waitClock|0,4282,0.917561309
Up Clock @ waitClock|0,4284,0.917599683
Up Clock @ waitClock|0,4286,0.917639274
Up Clock @ waitClock|0,4288,0.917680069
Up Clock @ waitClock|0,4290,0.917722053
Up Clock @ waitClock|0,4292,0.917765214
Up Clock @ waitClock|0,4294,0.917809538
Up Clock @ waitClock|0,4296,0.917855012
Up Clock @ waitClock|0,4298,0.917901622
Up Clock @ waitClock|0,4300,0.917949356
Up Clock @ waitClock|0,4302,0.917998200
Up Clock @ waitClock|0,4304,0.918048142
Up Clock @ waitClock|0,4306,0.918099169
Up Clock @ waitClock|0,4308,0.918151269
Up Clock @ waitClock|0,4310,0.918204428
Up Clock @ waitClock|0,4312,0.918258636
Up Clock @ waitClock|0,4314,0.918313879
Up Clock @ waitClock|0,4316,0.918370145
Up Clock @ waitClock|0,4318,0.918427423
Up Clock @ waitClock|0,4320,0.918485700
