initialRegeneration,time,Down + Detected + Rej > 0
Up Clock @ waitClock|0,0,0.000000000
Up Clock @ waitClock|0,2,0.000009885
Up Clock @ waitClock|0,4,0.000038729
Up Clock @ waitClock|0,6,0.000083454
Up Clock @ waitClock|0,8,0.000140476
Up Clock @ waitClock|0,10,0.000206654
Up Clock @ waitClock|0,12,0.000279481
Up Clock @ waitClock|0,14,0.000357033
Up Clock @ waitClock|0,16,0.000437856
Up Clock @ waitClock|0,18,0.000520866
Up Clock @ waitClock|0,20,0.000605256
Up Clock @ waitClock|0,22,0.000690428
Up Clock @ waitClock|0,24,0.000775940
Up Clock @ waitClock|0,26,0.000861465
Up Clock @ waitClock|0,28,0.000946763
Up Clock @ waitClock|0,30,0.001031659
Up Clock @ waitClock|0,32,0.001116023
Up Clock @ waitClock|0,34,0.001199765
Up Clock @ waitClock|0,36,0.001282816
Up Clock @ waitClock|0,38,0.001365131
Up Clock @ waitClock|0,40,0.001446676
Up Clock @ waitClock|0,42,0.001527430
Up Clock @ waitClock|0,44,0.001607379
Up Clock @ waitClock|0,46,0.001686515
Up Clock @ waitClock|0,48,0.001764835
Up Clock @ waitClock|0,50,0.001842338
Up Clock @ waitClock|0,52,0.001919026
Up Clock @ waitClock|0,54,0.001994903
Up Clock @ waitClock|0,56,0.002069974
Up Clock @ waitClock|0,58,0.002144244
Up Clock @ waitClock|0,60,0.002217721
Up Clock @ waitClock|0,62,0.002290412
Up Clock @ waitClock|0,64,0.002362323
Up Clock @ waitClock|0,66,0.002433462
Up Clock @ waitClock|0,68,0.002503837
Up Clock @ waitClock|0,70,0.002573455
Up Clock @ waitClock|0,72,0.002642325
Up Clock @ waitClock|0,74,0.002710454
Up Clock @ waitClock|0,76,0.002777850
Up Clock @ waitClock|0,78,0.002844521
Up Clock @ waitClock|0,80,0.002910474
Up Clock @ waitClock|0,82,0.002975718
Up Clock @ waitClock|0,84,0.003040259
Up Clock @ waitClock|0,86,0.003104105
Up Clock @ waitClock|0,88,0.003167264
Up Clock @ waitClock|0,90,0.003229742
Up Clock @ waitClock|0,92,0.003291548
Up Clock @ waitClock|0,94,0.003352689
Up Clock @ waitClock|0,96,0.003413171
Up Clock @ waitClock|0,98,0.003473003
Up Clock @ waitClock|0,100,0.003532189
Up Clock @ waitClock|0,102,0.003590739
Up Clock @ waitClock|0,104,0.003648658
Up Clock @ waitClock|0,106,0.003705954
Up Clock @ waitClock|0,108,0.003762633
Up Clock @ waitClock|0,110,0.003818701
Up Clock @ waitClock|0,112,0.003874166
Up Clock @ waitClock|0,114,0.003929033
Up Clock @ waitClock|0,116,0.003983310
Up Clock @ waitClock|0,118,0.004037002
Up Clock @ waitClock|0,120,0.004090116
Up Clock @ waitClock|0,122,0.004142658
Up Clock @ waitClock|0,124,0.004194635
Up Clock @ waitClock|0,126,0.004246051
Up Clock @ waitClock|0,128,0.004296914
Up Clock @ waitClock|0,130,0.004347230
Up Clock @ waitClock|0,132,0.004397004
Up Clock @ waitClock|0,134,0.004446241
Up Clock @ waitClock|0,136,0.004494949
Up Clock @ waitClock|0,138,0.004543132
Up Clock @ waitClock|0,140,0.004590796
Up Clock @ waitClock|0,142,0.004637948
Up Clock @ waitClock|0,144,0.004684591
Up Clock @ waitClock|0,146,0.004730732
Up Clock @ waitClock|0,148,0.004776377
Up Clock @ waitClock|0,150,0.004821529
Up Clock @ waitClock|0,152,0.004866196
Up Clock @ waitClock|0,154,0.004910382
Up Clock @ waitClock|0,156,0.004954092
Up Clock @ waitClock|0,158,0.004997331
Up Clock @ waitClock|0,160,0.005040105
Up Clock @ waitClock|0,162,0.005082418
Up Clock @ waitClock|0,164,0.005124276
Up Clock @ waitClock|0,166,0.005165682
Up Clock @ waitClock|0,168,0.005206643
Up Clock @ waitClock|0,170,0.005247163
Up Clock @ waitClock|0,172,0.005287247
Up Clock @ waitClock|0,174,0.005326899
Up Clock @ waitClock|0,176,0.005366124
Up Clock @ waitClock|0,178,0.005404927
Up Clock @ waitClock|0,180,0.005443312
Up Clock @ waitClock|0,182,0.005481284
Up Clock @ waitClock|0,184,0.005518846
Up Clock @ waitClock|0,186,0.005556005
Up Clock @ waitClock|0,188,0.005592763
Up Clock @ waitClock|0,190,0.005629125
Up Clock @ waitClock|0,192,0.005665096
Up Clock @ waitClock|0,194,0.005700680
Up Clock @ waitClock|0,196,0.005735880
Up Clock @ waitClock|0,198,0.005770702
Up Clock @ waitClock|0,200,0.005805148
Up Clock @ waitClock|0,202,0.005839224
Up Clock @ waitClock|0,204,0.005872932
Up Clock @ waitClock|0,206,0.005906278
Up Clock @ waitClock|0,208,0.005939265
Up Clock @ waitClock|0,210,0.005971896
Up Clock @ waitClock|0,212,0.006004176
Up Clock @ waitClock|0,214,0.006036109
Up Clock @ waitClock|0,216,0.006067698
Up Clock @ waitClock|0,218,0.006098946
Up Clock @ waitClock|0,220,0.006129858
Up Clock @ waitClock|0,222,0.006160437
Up Clock @ waitClock|0,224,0.006190687
Up Clock @ waitClock|0,226,0.006220612
Up Clock @ waitClock|0,228,0.006250214
Up Clock @ waitClock|0,230,0.006279497
Up Clock @ waitClock|0,232,0.006308465
Up Clock @ waitClock|0,234,0.006337121
Up Clock @ waitClock|0,236,0.006365469
Up Clock @ waitClock|0,238,0.006393511
Up Clock @ waitClock|0,240,0.006421251
Up Clock @ waitClock|0,242,0.006448693
Up Clock @ waitClock|0,244,0.006475839
Up Clock @ waitClock|0,246,0.006502693
Up Clock @ waitClock|0,248,0.006529258
Up Clock @ waitClock|0,250,0.006555537
Up Clock @ waitClock|0,252,0.006581532
Up Clock @ waitClock|0,254,0.006607248
Up Clock @ waitClock|0,256,0.006632687
Up Clock @ waitClock|0,258,0.006657852
Up Clock @ waitClock|0,260,0.006682746
Up Clock @ waitClock|0,262,0.006707372
Up Clock @ waitClock|0,264,0.006731733
Up Clock @ waitClock|0,266,0.006755832
Up Clock @ waitClock|0,268,0.006779671
Up Clock @ waitClock|0,270,0.006803253
Up Clock @ waitClock|0,272,0.006826582
Up Clock @ waitClock|0,274,0.006849659
Up Clock @ waitClock|0,276,0.006872488
Up Clock @ waitClock|0,278,0.006895071
Up Clock @ waitClock|0,280,0.006917411
Up Clock @ waitClock|0,282,0.006939510
Up Clock @ waitClock|0,284,0.006961371
Up Clock @ waitClock|0,286,0.006982997
Up Clock @ waitClock|0,288,0.007004390
Up Clock @ waitClock|0,290,0.007025553
Up Clock @ waitClock|0,292,0.007046488
Up Clock @ waitClock|0,294,0.007067197
Up Clock @ waitClock|0,296,0.007087684
Up Clock @ waitClock|0,298,0.007107950
Up Clock @ waitClock|0,300,0.007127997
Up Clock @ waitClock|0,302,0.007147829
Up Clock @ waitClock|0,304,0.007167447
Up Clock @ waitClock|0,306,0.007186854
Up Clock @ waitClock|0,308,0.007206052
Up Clock @ waitClock|0,310,0.007225044
Up Clock @ waitClock|0,312,0.007243830
Up Clock @ waitClock|0,314,0.007262415
Up Clock @ waitClock|0,316,0.007280799
Up Clock @ waitClock|0,318,0.007298986
Up Clock @ waitClock|0,320,0.007316977
Up Clock @ waitClock|0,322,0.007334774
Up Clock @ waitClock|0,324,0.007352379
Up Clock @ waitClock|0,326,0.007369795
Up Clock @ waitClock|0,328,0.007387023
Up Clock @ waitClock|0,330,0.007404066
Up Clock @ waitClock|0,332,0.007420925
Up Clock @ waitClock|0,334,0.007437602
Up Clock @ waitClock|0,336,0.007454101
Up Clock @ waitClock|0,338,0.007470421
Up Clock @ waitClock|0,340,0.007486566
Up Clock @ waitClock|0,342,0.007502537
Up Clock @ waitClock|0,344,0.007518336
Up Clock @ waitClock|0,346,0.007533964
Up Clock @ waitClock|0,348,0.007549425
Up Clock @ waitClock|0,350,0.007564719
Up Clock @ waitClock|0,352,0.007579848
Up Clock @ waitClock|0,354,0.007594815
Up Clock @ waitClock|0,356,0.007609620
Up Clock @ waitClock|0,358,0.007624266
Up Clock @ waitClock|0,360,0.007638754
Up Clock @ waitClock|0,362,0.007653087
Up Clock @ waitClock|0,364,0.007667264
Up Clock @ waitClock|0,366,0.007681290
Up Clock @ waitClock|0,368,0.007695164
Up Clock @ waitClock|0,370,0.007708889
Up Clock @ waitClock|0,372,0.007722466
Up Clock @ waitClock|0,374,0.007735897
Up Clock @ waitClock|0,376,0.007749183
Up Clock @ waitClock|0,378,0.007762326
Up Clock @ waitClock|0,380,0.007775328
Up Clock @ waitClock|0,382,0.007788189
Up Clock @ waitClock|0,384,0.007800912
Up Clock @ waitClock|0,386,0.007813499
Up Clock @ waitClock|0,388,0.007825949
Up Clock @ waitClock|0,390,0.007838266
Up Clock @ waitClock|0,392,0.007850450
Up Clock @ waitClock|0,394,0.007862503
Up Clock @ waitClock|0,396,0.007874426
Up Clock @ waitClock|0,398,0.007886220
Up Clock @ waitClock|0,400,0.007897888
Up Clock @ waitClock|0,402,0.007909430
Up Clock @ waitClock|0,404,0.007920847
Up Clock @ waitClock|0,406,0.007932142
Up Clock @ waitClock|0,408,0.007943315
Up Clock @ waitClock|0,410,0.007954368
Up Clock @ waitClock|0,412,0.007965302
Up Clock @ waitClock|0,414,0.007976118
Up Clock @ waitClock|0,416,0.007986818
Up Clock @ waitClock|0,418,0.007997402
Up Clock @ waitClock|0,420,0.008007873
Up Clock @ waitClock|0,422,0.008018230
Up Clock @ waitClock|0,424,0.008028477
Up Clock @ waitClock|0,426,0.008038612
Up Clock @ waitClock|0,428,0.008048639
Up Clock @ waitClock|0,430,0.008058558
Up Clock @ waitClock|0,432,0.008068370
Up Clock @ waitClock|0,434,0.008078076
Up Clock @ waitClock|0,436,0.008087678
Up Clock @ waitClock|0,438,0.008097176
Up Clock @ waitClock|0,440,0.008106573
Up Clock @ waitClock|0,442,0.008115868
Up Clock @ waitClock|0,444,0.008125062
Up Clock @ waitClock|0,446,0.008134158
Up Clock @ waitClock|0,448,0.008143156
Up Clock @ waitClock|0,450,0.008152057
Up Clock @ waitClock|0,452,0.008160863
Up Clock @ waitClock|0,454,0.008169573
Up Clock @ waitClock|0,456,0.008178190
Up Clock @ waitClock|0,458,0.008186713
Up Clock @ waitClock|0,460,0.008195145
Up Clock @ waitClock|0,462,0.008203487
Up Clock @ waitClock|0,464,0.008211738
Up Clock @ waitClock|0,466,0.008219901
Up Clock @ waitClock|0,468,0.008227975
Up Clock @ waitClock|0,470,0.008235963
Up Clock @ waitClock|0,472,0.008243865
Up Clock @ waitClock|0,474,0.008251682
Up Clock @ waitClock|0,476,0.008259414
Up Clock @ waitClock|0,478,0.008267063
Up Clock @ waitClock|0,480,0.008274630
Up Clock @ waitClock|0,482,0.008282116
Up Clock @ waitClock|0,484,0.008289521
Up Clock @ waitClock|0,486,0.008296846
Up Clock @ waitClock|0,488,0.008304092
Up Clock @ waitClock|0,490,0.008311260
Up Clock @ waitClock|0,492,0.008318351
Up Clock @ waitClock|0,494,0.008325366
Up Clock @ waitClock|0,496,0.008332305
Up Clock @ waitClock|0,498,0.008339169
Up Clock @ waitClock|0,500,0.008345960
Up Clock @ waitClock|0,502,0.008352677
Up Clock @ waitClock|0,504,0.008359322
Up Clock @ waitClock|0,506,0.008365896
Up Clock @ waitClock|0,508,0.008372398
Up Clock @ waitClock|0,510,0.008378831
Up Clock @ waitClock|0,512,0.008385194
Up Clock @ waitClock|0,514,0.008391489
Up Clock @ waitClock|0,516,0.008397716
Up Clock @ waitClock|0,518,0.008403876
Up Clock @ waitClock|0,520,0.008409970
Up Clock @ waitClock|0,522,0.008415998
Up Clock @ waitClock|0,524,0.008421962
Up Clock @ waitClock|0,526,0.008427861
Up Clock @ waitClock|0,528,0.008433696
Up Clock @ waitClock|0,530,0.008439469
Up Clock @ waitClock|0,532,0.008445179
Up Clock @ waitClock|0,534,0.008450828
Up Clock @ waitClock|0,536,0.008456416
Up Clock @ waitClock|0,538,0.008461944
Up Clock @ waitClock|0,540,0.008467413
Up Clock @ waitClock|0,542,0.008472823
Up Clock @ waitClock|0,544,0.008478174
Up Clock @ waitClock|0,546,0.008483468
Up Clock @ waitClock|0,548,0.008488704
Up Clock @ waitClock|0,550,0.008493885
Up Clock @ waitClock|0,552,0.008499009
Up Clock @ waitClock|0,554,0.008504079
Up Clock @ waitClock|0,556,0.008509094
Up Clock @ waitClock|0,558,0.008514054
Up Clock @ waitClock|0,560,0.008518962
Up Clock @ waitClock|0,562,0.008523816
Up Clock @ waitClock|0,564,0.008528619
Up Clock @ waitClock|0,566,0.008533369
Up Clock @ waitClock|0,568,0.008538069
Up Clock @ waitClock|0,570,0.008542718
Up Clock @ waitClock|0,572,0.008547316
Up Clock @ waitClock|0,574,0.008551866
Up Clock @ waitClock|0,576,0.008556366
Up Clock @ waitClock|0,578,0.008560818
Up Clock @ waitClock|0,580,0.008565222
Up Clock @ waitClock|0,582,0.008569578
Up Clock @ waitClock|0,584,0.008573888
Up Clock @ waitClock|0,586,0.008578151
Up Clock @ waitClock|0,588,0.008582368
Up Clock @ waitClock|0,590,0.008586540
Up Clock @ waitClock|0,592,0.008590667
Up Clock @ waitClock|0,594,0.008594749
Up Clock @ waitClock|0,596,0.008598788
Up Clock @ waitClock|0,598,0.008602783
Up Clock @ waitClock|0,600,0.661131059
Up Clock @ waitClock|0,602,0.215827188
Up Clock @ waitClock|0,604,0.073147190
Up Clock @ waitClock|0,606,0.026773286
Up Clock @ waitClock|0,608,0.011384826
Up Clock @ waitClock|0,610,0.006099017
Up Clock @ waitClock|0,612,0.004175044
Up Clock @ waitClock|0,614,0.003411516
Up Clock @ waitClock|0,616,0.003076498
Up Clock @ waitClock|0,618,0.002918589
Up Clock @ waitClock|0,620,0.002846005
Up Clock @ waitClock|0,622,0.002821512
Up Clock @ waitClock|0,624,0.002827564
Up Clock @ waitClock|0,626,0.002854434
Up Clock @ waitClock|0,628,0.002895983
Up Clock @ waitClock|0,630,0.002948006
Up Clock @ waitClock|0,632,0.003007501
Up Clock @ waitClock|0,634,0.003072273
Up Clock @ waitClock|0,636,0.003140712
Up Clock @ waitClock|0,638,0.003211625
Up Clock @ waitClock|0,640,0.003284131
Up Clock @ waitClock|0,642,0.003357577
Up Clock @ waitClock|0,644,0.003431483
Up Clock @ waitClock|0,646,0.003505494
Up Clock @ waitClock|0,648,0.003579348
Up Clock @ waitClock|0,650,0.003652856
Up Clock @ waitClock|0,652,0.003725877
Up Clock @ waitClock|0,654,0.003798311
Up Clock @ waitClock|0,656,0.003870086
Up Clock @ waitClock|0,658,0.003941150
Up Clock @ waitClock|0,660,0.004011470
Up Clock @ waitClock|0,662,0.004081021
Up Clock @ waitClock|0,664,0.004149788
Up Clock @ waitClock|0,666,0.004217762
Up Clock @ waitClock|0,668,0.004284941
Up Clock @ waitClock|0,670,0.004351324
Up Clock @ waitClock|0,672,0.004416913
Up Clock @ waitClock|0,674,0.004481712
Up Clock @ waitClock|0,676,0.004545726
Up Clock @ waitClock|0,678,0.004608963
Up Clock @ waitClock|0,680,0.004671428
Up Clock @ waitClock|0,682,0.004733131
Up Clock @ waitClock|0,684,0.004794078
Up Clock @ waitClock|0,686,0.004854279
Up Clock @ waitClock|0,688,0.004913741
Up Clock @ waitClock|0,690,0.004972473
Up Clock @ waitClock|0,692,0.005030483
Up Clock @ waitClock|0,694,0.005087780
Up Clock @ waitClock|0,696,0.005144373
Up Clock @ waitClock|0,698,0.005200269
Up Clock @ waitClock|0,700,0.005255477
Up Clock @ waitClock|0,702,0.005310005
Up Clock @ waitClock|0,704,0.005363861
Up Clock @ waitClock|0,706,0.005417054
Up Clock @ waitClock|0,708,0.005469592
Up Clock @ waitClock|0,710,0.005521482
Up Clock @ waitClock|0,712,0.005572732
Up Clock @ waitClock|0,714,0.005623350
Up Clock @ waitClock|0,716,0.005673343
Up Clock @ waitClock|0,718,0.005722720
Up Clock @ waitClock|0,720,0.005771488
Up Clock @ waitClock|0,722,0.005819654
Up Clock @ waitClock|0,724,0.005867225
Up Clock @ waitClock|0,726,0.005914209
Up Clock @ waitClock|0,728,0.005960612
Up Clock @ waitClock|0,730,0.006006442
Up Clock @ waitClock|0,732,0.006051707
Up Clock @ waitClock|0,734,0.006096411
Up Clock @ waitClock|0,736,0.006140563
Up Clock @ waitClock|0,738,0.006184170
Up Clock @ waitClock|0,740,0.006227237
Up Clock @ waitClock|0,742,0.006269771
Up Clock @ waitClock|0,744,0.006311779
Up Clock @ waitClock|0,746,0.006353268
Up Clock @ waitClock|0,748,0.006394243
Up Clock @ waitClock|0,750,0.006434711
Up Clock @ waitClock|0,752,0.006474677
Up Clock @ waitClock|0,754,0.006514149
Up Clock @ waitClock|0,756,0.006553132
Up Clock @ waitClock|0,758,0.006591632
Up Clock @ waitClock|0,760,0.006629655
Up Clock @ waitClock|0,762,0.006667206
Up Clock @ waitClock|0,764,0.006704292
Up Clock @ waitClock|0,766,0.006740918
Up Clock @ waitClock|0,768,0.006777090
Up Clock @ waitClock|0,770,0.006812814
Up Clock @ waitClock|0,772,0.006848094
Up Clock @ waitClock|0,774,0.006882936
Up Clock @ waitClock|0,776,0.006917345
Up Clock @ waitClock|0,778,0.006951328
Up Clock @ waitClock|0,780,0.006984888
Up Clock @ waitClock|0,782,0.007018031
Up Clock @ waitClock|0,784,0.007050763
Up Clock @ waitClock|0,786,0.007083088
Up Clock @ waitClock|0,788,0.007115011
Up Clock @ waitClock|0,790,0.007146537
Up Clock @ waitClock|0,792,0.007177671
Up Clock @ waitClock|0,794,0.007208418
Up Clock @ waitClock|0,796,0.007238783
Up Clock @ waitClock|0,798,0.007268769
Up Clock @ waitClock|0,800,0.007298383
Up Clock @ waitClock|0,802,0.007327627
Up Clock @ waitClock|0,804,0.007356508
Up Clock @ waitClock|0,806,0.007385028
Up Clock @ waitClock|0,808,0.007413194
Up Clock @ waitClock|0,810,0.007441008
Up Clock @ waitClock|0,812,0.007468476
Up Clock @ waitClock|0,814,0.007495601
Up Clock @ waitClock|0,816,0.007522388
Up Clock @ waitClock|0,818,0.007548841
Up Clock @ waitClock|0,820,0.007574964
Up Clock @ waitClock|0,822,0.007600761
Up Clock @ waitClock|0,824,0.007626236
Up Clock @ waitClock|0,826,0.007651393
Up Clock @ waitClock|0,828,0.007676235
Up Clock @ waitClock|0,830,0.007700768
Up Clock @ waitClock|0,832,0.007724994
Up Clock @ waitClock|0,834,0.007748917
Up Clock @ waitClock|0,836,0.007772541
Up Clock @ waitClock|0,838,0.007795870
Up Clock @ waitClock|0,840,0.007818907
Up Clock @ waitClock|0,842,0.007841655
Up Clock @ waitClock|0,844,0.007864120
Up Clock @ waitClock|0,846,0.007886303
Up Clock @ waitClock|0,848,0.007908208
Up Clock @ waitClock|0,850,0.007929839
Up Clock @ waitClock|0,852,0.007951199
Up Clock @ waitClock|0,854,0.007972292
Up Clock @ waitClock|0,856,0.007993120
Up Clock @ waitClock|0,858,0.008013687
Up Clock @ waitClock|0,860,0.008033997
Up Clock @ waitClock|0,862,0.008054051
Up Clock @ waitClock|0,864,0.008073854
Up Clock @ waitClock|0,866,0.008093409
Up Clock @ waitClock|0,868,0.008112718
Up Clock @ waitClock|0,870,0.008131785
Up Clock @ waitClock|0,872,0.008150612
Up Clock @ waitClock|0,874,0.008169203
Up Clock @ waitClock|0,876,0.008187561
Up Clock @ waitClock|0,878,0.008205688
Up Clock @ waitClock|0,880,0.008223587
Up Clock @ waitClock|0,882,0.008241260
Up Clock @ waitClock|0,884,0.008258712
Up Clock @ waitClock|0,886,0.008275944
Up Clock @ waitClock|0,888,0.008292959
Up Clock @ waitClock|0,890,0.008309760
Up Clock @ waitClock|0,892,0.008326350
Up Clock @ waitClock|0,894,0.008342731
Up Clock @ waitClock|0,896,0.008358905
Up Clock @ waitClock|0,898,0.008374876
Up Clock @ waitClock|0,900,0.008390645
Up Clock @ waitClock|0,902,0.008406215
Up Clock @ waitClock|0,904,0.008421590
Up Clock @ waitClock|0,906,0.008436770
Up Clock @ waitClock|0,908,0.008451759
Up Clock @ waitClock|0,910,0.008466558
Up Clock @ waitClock|0,912,0.008481171
Up Clock @ waitClock|0,914,0.008495599
Up Clock @ waitClock|0,916,0.008509845
Up Clock @ waitClock|0,918,0.008523911
Up Clock @ waitClock|0,920,0.008537800
Up Clock @ waitClock|0,922,0.008551512
Up Clock @ waitClock|0,924,0.008565052
Up Clock @ waitClock|0,926,0.008578420
Up Clock @ waitClock|0,928,0.008591619
Up Clock @ waitClock|0,930,0.008604651
Up Clock @ waitClock|0,932,0.008617517
Up Clock @ waitClock|0,934,0.008630221
Up Clock @ waitClock|0,936,0.008642765
Up Clock @ waitClock|0,938,0.008655149
Up Clock @ waitClock|0,940,0.008667376
Up Clock @ waitClock|0,942,0.008679448
Up Clock @ waitClock|0,944,0.008691367
Up Clock @ waitClock|0,946,0.008703135
Up Clock @ waitClock|0,948,0.008714754
Up Clock @ waitClock|0,950,0.008726225
Up Clock @ waitClock|0,952,0.008737551
Up Clock @ waitClock|0,954,0.008748732
Up Clock @ waitClock|0,956,0.008759772
Up Clock @ waitClock|0,958,0.008770672
Up Clock @ waitClock|0,960,0.008781432
Up Clock @ waitClock|0,962,0.008792056
Up Clock @ waitClock|0,964,0.008802545
Up Clock @ waitClock|0,966,0.008812901
Up Clock @ waitClock|0,968,0.008823124
Up Clock @ waitClock|0,970,0.008833218
Up Clock @ waitClock|0,972,0.008843183
Up Clock @ waitClock|0,974,0.008853021
Up Clock @ waitClock|0,976,0.008862734
Up Clock @ waitClock|0,978,0.008872323
Up Clock @ waitClock|0,980,0.008881789
Up Clock @ waitClock|0,982,0.008891135
Up Clock @ waitClock|0,984,0.008900362
Up Clock @ waitClock|0,986,0.008909471
Up Clock @ waitClock|0,988,0.008918463
Up Clock @ waitClock|0,990,0.008927341
Up Clock @ waitClock|0,992,0.008936106
Up Clock @ waitClock|0,994,0.008944758
Up Clock @ waitClock|0,996,0.008953300
Up Clock @ waitClock|0,998,0.008961733
Up Clock @ waitClock|0,1000,0.008970057
Up Clock @ waitClock|0,1002,0.008978276
Up Clock @ waitClock|0,1004,0.008986389
Up Clock @ waitClock|0,1006,0.008994398
Up Clock @ waitClock|0,1008,0.009002304
Up Clock @ waitClock|0,1010,0.009010110
Up Clock @ waitClock|0,1012,0.009017815
Up Clock @ waitClock|0,1014,0.009025422
Up Clock @ waitClock|0,1016,0.009032931
Up Clock @ waitClock|0,1018,0.009040343
Up Clock @ waitClock|0,1020,0.009047661
Up Clock @ waitClock|0,1022,0.009054884
Up Clock @ waitClock|0,1024,0.009062015
Up Clock @ waitClock|0,1026,0.009069054
Up Clock @ waitClock|0,1028,0.009076003
Up Clock @ waitClock|0,1030,0.009082863
Up Clock @ waitClock|0,1032,0.009089634
Up Clock @ waitClock|0,1034,0.009096318
Up Clock @ waitClock|0,1036,0.009102916
Up Clock @ waitClock|0,1038,0.009109429
Up Clock @ waitClock|0,1040,0.009115859
Up Clock @ waitClock|0,1042,0.009122205
Up Clock @ waitClock|0,1044,0.009128470
Up Clock @ waitClock|0,1046,0.009134654
Up Clock @ waitClock|0,1048,0.009140758
Up Clock @ waitClock|0,1050,0.009146784
Up Clock @ waitClock|0,1052,0.009152731
Up Clock @ waitClock|0,1054,0.009158602
Up Clock @ waitClock|0,1056,0.009164397
Up Clock @ waitClock|0,1058,0.009170118
Up Clock @ waitClock|0,1060,0.009175764
Up Clock @ waitClock|0,1062,0.009181338
Up Clock @ waitClock|0,1064,0.009186839
Up Clock @ waitClock|0,1066,0.009192269
Up Clock @ waitClock|0,1068,0.009197629
Up Clock @ waitClock|0,1070,0.009202919
Up Clock @ waitClock|0,1072,0.009208141
Up Clock @ waitClock|0,1074,0.009213296
Up Clock @ waitClock|0,1076,0.009218383
Up Clock @ waitClock|0,1078,0.009223405
Up Clock @ waitClock|0,1080,0.009228361
Up Clock @ waitClock|0,1082,0.009233253
Up Clock @ waitClock|0,1084,0.009238082
Up Clock @ waitClock|0,1086,0.009242848
Up Clock @ waitClock|0,1088,0.009247552
Up Clock @ waitClock|0,1090,0.009252194
Up Clock @ waitClock|0,1092,0.009256777
Up Clock @ waitClock|0,1094,0.009261300
Up Clock @ waitClock|0,1096,0.009265764
Up Clock @ waitClock|0,1098,0.009270170
Up Clock @ waitClock|0,1100,0.009274518
Up Clock @ waitClock|0,1102,0.009278810
Up Clock @ waitClock|0,1104,0.009283046
Up Clock @ waitClock|0,1106,0.009287227
Up Clock @ waitClock|0,1108,0.009291353
Up Clock @ waitClock|0,1110,0.009295426
Up Clock @ waitClock|0,1112,0.009299445
Up Clock @ waitClock|0,1114,0.009303412
Up Clock @ waitClock|0,1116,0.009307327
Up Clock @ waitClock|0,1118,0.009311191
Up Clock @ waitClock|0,1120,0.009315004
Up Clock @ waitClock|0,1122,0.009318767
Up Clock @ waitClock|0,1124,0.009322482
Up Clock @ waitClock|0,1126,0.009326147
Up Clock @ waitClock|0,1128,0.009329765
Up Clock @ waitClock|0,1130,0.009333335
Up Clock @ waitClock|0,1132,0.009336858
Up Clock @ waitClock|0,1134,0.009340336
Up Clock @ waitClock|0,1136,0.009343767
Up Clock @ waitClock|0,1138,0.009347154
Up Clock @ waitClock|0,1140,0.009350496
Up Clock @ waitClock|0,1142,0.009353794
Up Clock @ waitClock|0,1144,0.009357049
Up Clock @ waitClock|0,1146,0.009360261
Up Clock @ waitClock|0,1148,0.009363431
Up Clock @ waitClock|0,1150,0.009366559
Up Clock @ waitClock|0,1152,0.009369646
Up Clock @ waitClock|0,1154,0.009372692
Up Clock @ waitClock|0,1156,0.009375698
Up Clock @ waitClock|0,1158,0.009378665
Up Clock @ waitClock|0,1160,0.009381592
Up Clock @ waitClock|0,1162,0.009384481
Up Clock @ waitClock|0,1164,0.009387332
Up Clock @ waitClock|0,1166,0.009390145
Up Clock @ waitClock|0,1168,0.009392921
Up Clock @ waitClock|0,1170,0.009395660
Up Clock @ waitClock|0,1172,0.009398363
Up Clock @ waitClock|0,1174,0.009401030
Up Clock @ waitClock|0,1176,0.009403662
Up Clock @ waitClock|0,1178,0.009406259
Up Clock @ waitClock|0,1180,0.009408822
Up Clock @ waitClock|0,1182,0.009411351
Up Clock @ waitClock|0,1184,0.009413846
Up Clock @ waitClock|0,1186,0.009416308
Up Clock @ waitClock|0,1188,0.009418737
Up Clock @ waitClock|0,1190,0.009421135
Up Clock @ waitClock|0,1192,0.009423500
Up Clock @ waitClock|0,1194,0.009425834
Up Clock @ waitClock|0,1196,0.009428137
Up Clock @ waitClock|0,1198,0.009430409
Up Clock @ waitClock|0,1200,0.009432651
Up Clock @ waitClock|0,1202,0.299123294
Up Clock @ waitClock|0,1204,0.193654082
Up Clock @ waitClock|0,1206,0.096765070
Up Clock @ waitClock|0,1208,0.045136863
Up Clock @ waitClock|0,1210,0.021658807
Up Clock @ waitClock|0,1212,0.011683338
Up Clock @ waitClock|0,1214,0.007553123
Up Clock @ waitClock|0,1216,0.005836782
Up Clock @ waitClock|0,1218,0.005103443
Up Clock @ waitClock|0,1220,0.004777270
Up Clock @ waitClock|0,1222,0.004628924
Up Clock @ waitClock|0,1224,0.004565622
Up Clock @ waitClock|0,1226,0.004547945
Up Clock @ waitClock|0,1228,0.004557607
Up Clock @ waitClock|0,1230,0.004585066
Up Clock @ waitClock|0,1232,0.004624696
Up Clock @ waitClock|0,1234,0.004672842
Up Clock @ waitClock|0,1236,0.004726976
Up Clock @ waitClock|0,1238,0.004785288
Up Clock @ waitClock|0,1240,0.004846455
Up Clock @ waitClock|0,1242,0.004909504
Up Clock @ waitClock|0,1244,0.004973718
Up Clock @ waitClock|0,1246,0.005038565
Up Clock @ waitClock|0,1248,0.005103654
Up Clock @ waitClock|0,1250,0.005168695
Up Clock @ waitClock|0,1252,0.005233478
Up Clock @ waitClock|0,1254,0.005297847
Up Clock @ waitClock|0,1256,0.005361691
Up Clock @ waitClock|0,1258,0.005424927
Up Clock @ waitClock|0,1260,0.005487499
Up Clock @ waitClock|0,1262,0.005549367
Up Clock @ waitClock|0,1264,0.005610504
Up Clock @ waitClock|0,1266,0.005670893
Up Clock @ waitClock|0,1268,0.005730522
Up Clock @ waitClock|0,1270,0.005789389
Up Clock @ waitClock|0,1272,0.005847490
Up Clock @ waitClock|0,1274,0.005904829
Up Clock @ waitClock|0,1276,0.005961408
Up Clock @ waitClock|0,1278,0.006017234
Up Clock @ waitClock|0,1280,0.006072313
Up Clock @ waitClock|0,1282,0.006126652
Up Clock @ waitClock|0,1284,0.006180259
Up Clock @ waitClock|0,1286,0.006233142
Up Clock @ waitClock|0,1288,0.006285309
Up Clock @ waitClock|0,1290,0.006336770
Up Clock @ waitClock|0,1292,0.006387533
Up Clock @ waitClock|0,1294,0.006437607
Up Clock @ waitClock|0,1296,0.006487001
Up Clock @ waitClock|0,1298,0.006535723
Up Clock @ waitClock|0,1300,0.006583782
Up Clock @ waitClock|0,1302,0.006631187
Up Clock @ waitClock|0,1304,0.006677946
Up Clock @ waitClock|0,1306,0.006724067
Up Clock @ waitClock|0,1308,0.006769560
Up Clock @ waitClock|0,1310,0.006814432
Up Clock @ waitClock|0,1312,0.006858692
Up Clock @ waitClock|0,1314,0.006902347
Up Clock @ waitClock|0,1316,0.006945406
Up Clock @ waitClock|0,1318,0.006987876
Up Clock @ waitClock|0,1320,0.007029765
Up Clock @ waitClock|0,1322,0.007071082
Up Clock @ waitClock|0,1324,0.007111833
Up Clock @ waitClock|0,1326,0.007152026
Up Clock @ waitClock|0,1328,0.007191668
Up Clock @ waitClock|0,1330,0.007230768
Up Clock @ waitClock|0,1332,0.007269331
Up Clock @ waitClock|0,1334,0.007307365
Up Clock @ waitClock|0,1336,0.007344877
Up Clock @ waitClock|0,1338,0.007381874
Up Clock @ waitClock|0,1340,0.007418364
Up Clock @ waitClock|0,1342,0.007454351
Up Clock @ waitClock|0,1344,0.007489844
Up Clock @ waitClock|0,1346,0.007524849
Up Clock @ waitClock|0,1348,0.007559372
Up Clock @ waitClock|0,1350,0.007593420
Up Clock @ waitClock|0,1352,0.007626999
Up Clock @ waitClock|0,1354,0.007660116
Up Clock @ waitClock|0,1356,0.007692776
Up Clock @ waitClock|0,1358,0.007724985
Up Clock @ waitClock|0,1360,0.007756750
Up Clock @ waitClock|0,1362,0.007788077
Up Clock @ waitClock|0,1364,0.007818970
Up Clock @ waitClock|0,1366,0.007849437
Up Clock @ waitClock|0,1368,0.007879483
Up Clock @ waitClock|0,1370,0.007909114
Up Clock @ waitClock|0,1372,0.007938334
Up Clock @ waitClock|0,1374,0.007967150
Up Clock @ waitClock|0,1376,0.007995566
Up Clock @ waitClock|0,1378,0.008023589
Up Clock @ waitClock|0,1380,0.008051224
Up Clock @ waitClock|0,1382,0.008078475
Up Clock @ waitClock|0,1384,0.008105348
Up Clock @ waitClock|0,1386,0.008131847
Up Clock @ waitClock|0,1388,0.008157979
Up Clock @ waitClock|0,1390,0.008183748
Up Clock @ waitClock|0,1392,0.008209158
Up Clock @ waitClock|0,1394,0.008234214
Up Clock @ waitClock|0,1396,0.008258922
Up Clock @ waitClock|0,1398,0.008283286
Up Clock @ waitClock|0,1400,0.008307311
Up Clock @ waitClock|0,1402,0.008331000
Up Clock @ waitClock|0,1404,0.008354359
Up Clock @ waitClock|0,1406,0.008377392
Up Clock @ waitClock|0,1408,0.008400104
Up Clock @ waitClock|0,1410,0.008422498
Up Clock @ waitClock|0,1412,0.008444579
Up Clock @ waitClock|0,1414,0.008466352
Up Clock @ waitClock|0,1416,0.008487819
Up Clock @ waitClock|0,1418,0.008508987
Up Clock @ waitClock|0,1420,0.008529858
Up Clock @ waitClock|0,1422,0.008550436
Up Clock @ waitClock|0,1424,0.008570726
Up Clock @ waitClock|0,1426,0.008590731
Up Clock @ waitClock|0,1428,0.008610455
Up Clock @ waitClock|0,1430,0.008629903
Up Clock @ waitClock|0,1432,0.008649077
Up Clock @ waitClock|0,1434,0.008667981
Up Clock @ waitClock|0,1436,0.008686620
Up Clock @ waitClock|0,1438,0.008704996
Up Clock @ waitClock|0,1440,0.008723113
Up Clock @ waitClock|0,1442,0.008740976
Up Clock @ waitClock|0,1444,0.008758586
Up Clock @ waitClock|0,1446,0.008775948
Up Clock @ waitClock|0,1448,0.008793065
Up Clock @ waitClock|0,1450,0.008809940
Up Clock @ waitClock|0,1452,0.008826576
Up Clock @ waitClock|0,1454,0.008842978
Up Clock @ waitClock|0,1456,0.008859147
Up Clock @ waitClock|0,1458,0.008875087
Up Clock @ waitClock|0,1460,0.008890802
Up Clock @ waitClock|0,1462,0.008906294
Up Clock @ waitClock|0,1464,0.008921566
Up Clock @ waitClock|0,1466,0.008936622
Up Clock @ waitClock|0,1468,0.008951464
Up Clock @ waitClock|0,1470,0.008966095
Up Clock @ waitClock|0,1472,0.008980518
Up Clock @ waitClock|0,1474,0.008994735
Up Clock @ waitClock|0,1476,0.009008751
Up Clock @ waitClock|0,1478,0.009022567
Up Clock @ waitClock|0,1480,0.009036186
Up Clock @ waitClock|0,1482,0.009049611
Up Clock @ waitClock|0,1484,0.009062844
Up Clock @ waitClock|0,1486,0.009075888
Up Clock @ waitClock|0,1488,0.009088746
Up Clock @ waitClock|0,1490,0.009101420
Up Clock @ waitClock|0,1492,0.009113913
Up Clock @ waitClock|0,1494,0.009126227
Up Clock @ waitClock|0,1496,0.009138365
Up Clock @ waitClock|0,1498,0.009150329
Up Clock @ waitClock|0,1500,0.009162121
Up Clock @ waitClock|0,1502,0.009173744
Up Clock @ waitClock|0,1504,0.009185200
Up Clock @ waitClock|0,1506,0.009196492
Up Clock @ waitClock|0,1508,0.009207621
Up Clock @ waitClock|0,1510,0.009218590
Up Clock @ waitClock|0,1512,0.009229401
Up Clock @ waitClock|0,1514,0.009240057
Up Clock @ waitClock|0,1516,0.009250558
Up Clock @ waitClock|0,1518,0.009260909
Up Clock @ waitClock|0,1520,0.009271109
Up Clock @ waitClock|0,1522,0.009281163
Up Clock @ waitClock|0,1524,0.009291071
Up Clock @ waitClock|0,1526,0.009300836
Up Clock @ waitClock|0,1528,0.009310459
Up Clock @ waitClock|0,1530,0.009319943
Up Clock @ waitClock|0,1532,0.009329290
Up Clock @ waitClock|0,1534,0.009338500
Up Clock @ waitClock|0,1536,0.009347578
Up Clock @ waitClock|0,1538,0.009356523
Up Clock @ waitClock|0,1540,0.009365338
Up Clock @ waitClock|0,1542,0.009374025
Up Clock @ waitClock|0,1544,0.009382586
Up Clock @ waitClock|0,1546,0.009391022
Up Clock @ waitClock|0,1548,0.009399334
Up Clock @ waitClock|0,1550,0.009407526
Up Clock @ waitClock|0,1552,0.009415598
Up Clock @ waitClock|0,1554,0.009423552
Up Clock @ waitClock|0,1556,0.009431389
Up Clock @ waitClock|0,1558,0.009439112
Up Clock @ waitClock|0,1560,0.009446722
Up Clock @ waitClock|0,1562,0.009454220
Up Clock @ waitClock|0,1564,0.009461608
Up Clock @ waitClock|0,1566,0.009468888
Up Clock @ waitClock|0,1568,0.009476061
Up Clock @ waitClock|0,1570,0.009483128
Up Clock @ waitClock|0,1572,0.009490091
Up Clock @ waitClock|0,1574,0.009496952
Up Clock @ waitClock|0,1576,0.009503712
Up Clock @ waitClock|0,1578,0.009510372
Up Clock @ waitClock|0,1580,0.009516933
Up Clock @ waitClock|0,1582,0.009523398
Up Clock @ waitClock|0,1584,0.009529767
Up Clock @ waitClock|0,1586,0.009536042
Up Clock @ waitClock|0,1588,0.009542223
Up Clock @ waitClock|0,1590,0.009548314
Up Clock @ waitClock|0,1592,0.009554314
Up Clock @ waitClock|0,1594,0.009560224
Up Clock @ waitClock|0,1596,0.009566047
Up Clock @ waitClock|0,1598,0.009571783
Up Clock @ waitClock|0,1600,0.009577434
Up Clock @ waitClock|0,1602,0.009583001
Up Clock @ waitClock|0,1604,0.009588485
Up Clock @ waitClock|0,1606,0.009593887
Up Clock @ waitClock|0,1608,0.009599208
Up Clock @ waitClock|0,1610,0.009604449
Up Clock @ waitClock|0,1612,0.009609612
Up Clock @ waitClock|0,1614,0.009614698
Up Clock @ waitClock|0,1616,0.009619708
Up Clock @ waitClock|0,1618,0.009624642
Up Clock @ waitClock|0,1620,0.009629502
Up Clock @ waitClock|0,1622,0.009634290
Up Clock @ waitClock|0,1624,0.009639005
Up Clock @ waitClock|0,1626,0.009643649
Up Clock @ waitClock|0,1628,0.009648223
Up Clock @ waitClock|0,1630,0.009652728
Up Clock @ waitClock|0,1632,0.009657165
Up Clock @ waitClock|0,1634,0.009661535
Up Clock @ waitClock|0,1636,0.009665839
Up Clock @ waitClock|0,1638,0.009670078
Up Clock @ waitClock|0,1640,0.009674252
Up Clock @ waitClock|0,1642,0.009678363
Up Clock @ waitClock|0,1644,0.009682412
Up Clock @ waitClock|0,1646,0.009686399
Up Clock @ waitClock|0,1648,0.009690325
Up Clock @ waitClock|0,1650,0.009694191
Up Clock @ waitClock|0,1652,0.009697999
Up Clock @ waitClock|0,1654,0.009701748
Up Clock @ waitClock|0,1656,0.009705440
Up Clock @ waitClock|0,1658,0.009709076
Up Clock @ waitClock|0,1660,0.009712656
Up Clock @ waitClock|0,1662,0.009716181
Up Clock @ waitClock|0,1664,0.009719652
Up Clock @ waitClock|0,1666,0.009723069
Up Clock @ waitClock|0,1668,0.009726434
Up Clock @ waitClock|0,1670,0.009729747
Up Clock @ waitClock|0,1672,0.009733010
Up Clock @ waitClock|0,1674,0.009736221
Up Clock @ waitClock|0,1676,0.009739383
Up Clock @ waitClock|0,1678,0.009742497
Up Clock @ waitClock|0,1680,0.009745562
Up Clock @ waitClock|0,1682,0.009748579
Up Clock @ waitClock|0,1684,0.009751550
Up Clock @ waitClock|0,1686,0.009754475
Up Clock @ waitClock|0,1688,0.009757354
Up Clock @ waitClock|0,1690,0.009760188
Up Clock @ waitClock|0,1692,0.009762978
Up Clock @ waitClock|0,1694,0.009765725
Up Clock @ waitClock|0,1696,0.009768428
Up Clock @ waitClock|0,1698,0.009771090
Up Clock @ waitClock|0,1700,0.009773709
Up Clock @ waitClock|0,1702,0.009776288
Up Clock @ waitClock|0,1704,0.009778826
Up Clock @ waitClock|0,1706,0.009781324
Up Clock @ waitClock|0,1708,0.009783783
Up Clock @ waitClock|0,1710,0.009786203
Up Clock @ waitClock|0,1712,0.009788585
Up Clock @ waitClock|0,1714,0.009790929
Up Clock @ waitClock|0,1716,0.009793236
Up Clock @ waitClock|0,1718,0.009795507
Up Clock @ waitClock|0,1720,0.009797742
Up Clock @ waitClock|0,1722,0.009799941
Up Clock @ waitClock|0,1724,0.009802105
Up Clock @ waitClock|0,1726,0.009804235
Up Clock @ waitClock|0,1728,0.009806331
Up Clock @ waitClock|0,1730,0.009808393
Up Clock @ waitClock|0,1732,0.009810422
Up Clock @ waitClock|0,1734,0.009812419
Up Clock @ waitClock|0,1736,0.009814384
Up Clock @ waitClock|0,1738,0.009816317
Up Clock @ waitClock|0,1740,0.009818220
Up Clock @ waitClock|0,1742,0.009820091
Up Clock @ waitClock|0,1744,0.009821933
Up Clock @ waitClock|0,1746,0.009823745
Up Clock @ waitClock|0,1748,0.009825527
Up Clock @ waitClock|0,1750,0.009827281
Up Clock @ waitClock|0,1752,0.009829006
Up Clock @ waitClock|0,1754,0.009830703
Up Clock @ waitClock|0,1756,0.009832373
Up Clock @ waitClock|0,1758,0.009834015
Up Clock @ waitClock|0,1760,0.009835631
Up Clock @ waitClock|0,1762,0.009837220
Up Clock @ waitClock|0,1764,0.009838783
Up Clock @ waitClock|0,1766,0.009840321
Up Clock @ waitClock|0,1768,0.009841833
Up Clock @ waitClock|0,1770,0.009843321
Up Clock @ waitClock|0,1772,0.009844784
Up Clock @ waitClock|0,1774,0.009846223
Up Clock @ waitClock|0,1776,0.009847638
Up Clock @ waitClock|0,1778,0.009849029
Up Clock @ waitClock|0,1780,0.009850398
Up Clock @ waitClock|0,1782,0.009851744
Up Clock @ waitClock|0,1784,0.009853068
Up Clock @ waitClock|0,1786,0.009854369
Up Clock @ waitClock|0,1788,0.009855649
Up Clock @ waitClock|0,1790,0.009856908
Up Clock @ waitClock|0,1792,0.009858145
Up Clock @ waitClock|0,1794,0.009859362
Up Clock @ waitClock|0,1796,0.009860558
Up Clock @ waitClock|0,1798,0.009861734
Up Clock @ waitClock|0,1800,0.009862890
Up Clock @ waitClock|0,1802,0.009864027
Up Clock @ waitClock|0,1804,0.138472438
Up Clock @ waitClock|0,1806,0.132591982
Up Clock @ waitClock|0,1808,0.087719331
Up Clock @ waitClock|0,1810,0.050430999
Up Clock @ waitClock|0,1812,0.028017328
Up Clock @ waitClock|0,1814,0.016346486
Up Clock @ waitClock|0,1816,0.010718880
Up Clock @ waitClock|0,1818,0.008112679
Up Clock @ waitClock|0,1820,0.006923899
Up Clock @ waitClock|0,1822,0.006380247
Up Clock @ waitClock|0,1824,0.006129769
Up Clock @ waitClock|0,1826,0.006016408
Up Clock @ waitClock|0,1828,0.005971136
Up Clock @ waitClock|0,1830,0.005962633
Up Clock @ waitClock|0,1832,0.005975843
Up Clock @ waitClock|0,1834,0.006002877
Up Clock @ waitClock|0,1836,0.006039170
Up Clock @ waitClock|0,1838,0.006081827
Up Clock @ waitClock|0,1840,0.006128890
Up Clock @ waitClock|0,1842,0.006178972
Up Clock @ waitClock|0,1844,0.006231074
Up Clock @ waitClock|0,1846,0.006284459
Up Clock @ waitClock|0,1848,0.006338589
Up Clock @ waitClock|0,1850,0.006393063
Up Clock @ waitClock|0,1852,0.006447588
Up Clock @ waitClock|0,1854,0.006501948
Up Clock @ waitClock|0,1856,0.006555984
Up Clock @ waitClock|0,1858,0.006609582
Up Clock @ waitClock|0,1860,0.006662657
Up Clock @ waitClock|0,1862,0.006715151
Up Clock @ waitClock|0,1864,0.006767023
Up Clock @ waitClock|0,1866,0.006818243
Up Clock @ waitClock|0,1868,0.006868794
Up Clock @ waitClock|0,1870,0.006918664
Up Clock @ waitClock|0,1872,0.006967847
Up Clock @ waitClock|0,1874,0.007016343
Up Clock @ waitClock|0,1876,0.007064151
Up Clock @ waitClock|0,1878,0.007111275
Up Clock @ waitClock|0,1880,0.007157721
Up Clock @ waitClock|0,1882,0.007203493
Up Clock @ waitClock|0,1884,0.007248600
Up Clock @ waitClock|0,1886,0.007293048
Up Clock @ waitClock|0,1888,0.007336845
Up Clock @ waitClock|0,1890,0.007380000
Up Clock @ waitClock|0,1892,0.007422520
Up Clock @ waitClock|0,1894,0.007464414
Up Clock @ waitClock|0,1896,0.007505691
Up Clock @ waitClock|0,1898,0.007546358
Up Clock @ waitClock|0,1900,0.007586425
Up Clock @ waitClock|0,1902,0.007625899
Up Clock @ waitClock|0,1904,0.007664789
Up Clock @ waitClock|0,1906,0.007703103
Up Clock @ waitClock|0,1908,0.007740849
Up Clock @ waitClock|0,1910,0.007778035
Up Clock @ waitClock|0,1912,0.007814669
Up Clock @ waitClock|0,1914,0.007850758
Up Clock @ waitClock|0,1916,0.007886312
Up Clock @ waitClock|0,1918,0.007921336
Up Clock @ waitClock|0,1920,0.007955839
Up Clock @ waitClock|0,1922,0.007989827
Up Clock @ waitClock|0,1924,0.008023310
Up Clock @ waitClock|0,1926,0.008056292
Up Clock @ waitClock|0,1928,0.008088783
Up Clock @ waitClock|0,1930,0.008120788
Up Clock @ waitClock|0,1932,0.008152315
Up Clock @ waitClock|0,1934,0.008183370
Up Clock @ waitClock|0,1936,0.008213960
Up Clock @ waitClock|0,1938,0.008244092
Up Clock @ waitClock|0,1940,0.008273772
Up Clock @ waitClock|0,1942,0.008303008
Up Clock @ waitClock|0,1944,0.008331804
Up Clock @ waitClock|0,1946,0.008360168
Up Clock @ waitClock|0,1948,0.008388105
Up Clock @ waitClock|0,1950,0.008415622
Up Clock @ waitClock|0,1952,0.008442726
Up Clock @ waitClock|0,1954,0.008469420
Up Clock @ waitClock|0,1956,0.008495713
Up Clock @ waitClock|0,1958,0.008521608
Up Clock @ waitClock|0,1960,0.008547113
Up Clock @ waitClock|0,1962,0.008572232
Up Clock @ waitClock|0,1964,0.008596972
Up Clock @ waitClock|0,1966,0.008621337
Up Clock @ waitClock|0,1968,0.008645334
Up Clock @ waitClock|0,1970,0.008668967
Up Clock @ waitClock|0,1972,0.008692241
Up Clock @ waitClock|0,1974,0.008715162
Up Clock @ waitClock|0,1976,0.008737735
Up Clock @ waitClock|0,1978,0.008759965
Up Clock @ waitClock|0,1980,0.008781857
Up Clock @ waitClock|0,1982,0.008803416
Up Clock @ waitClock|0,1984,0.008824646
Up Clock @ waitClock|0,1986,0.008845552
Up Clock @ waitClock|0,1988,0.008866140
Up Clock @ waitClock|0,1990,0.008886413
Up Clock @ waitClock|0,1992,0.008906376
Up Clock @ waitClock|0,1994,0.008926034
Up Clock @ waitClock|0,1996,0.008945391
Up Clock @ waitClock|0,1998,0.008964451
Up Clock @ waitClock|0,2000,0.008983219
Up Clock @ waitClock|0,2002,0.009001699
Up Clock @ waitClock|0,2004,0.009019896
Up Clock @ waitClock|0,2006,0.009037812
Up Clock @ waitClock|0,2008,0.009055453
Up Clock @ waitClock|0,2010,0.009072823
Up Clock @ waitClock|0,2012,0.009089924
Up Clock @ waitClock|0,2014,0.009106762
Up Clock @ waitClock|0,2016,0.009123340
Up Clock @ waitClock|0,2018,0.009139662
Up Clock @ waitClock|0,2020,0.009155732
Up Clock @ waitClock|0,2022,0.009171552
Up Clock @ waitClock|0,2024,0.009187128
Up Clock @ waitClock|0,2026,0.009202462
Up Clock @ waitClock|0,2028,0.009217559
Up Clock @ waitClock|0,2030,0.009232421
Up Clock @ waitClock|0,2032,0.009247051
Up Clock @ waitClock|0,2034,0.009261455
Up Clock @ waitClock|0,2036,0.009275633
Up Clock @ waitClock|0,2038,0.009289591
Up Clock @ waitClock|0,2040,0.009303331
Up Clock @ waitClock|0,2042,0.009316857
Up Clock @ waitClock|0,2044,0.009330171
Up Clock @ waitClock|0,2046,0.009343277
Up Clock @ waitClock|0,2048,0.009356177
Up Clock @ waitClock|0,2050,0.009368875
Up Clock @ waitClock|0,2052,0.009381374
Up Clock @ waitClock|0,2054,0.009393677
Up Clock @ waitClock|0,2056,0.009405786
Up Clock @ waitClock|0,2058,0.009417705
Up Clock @ waitClock|0,2060,0.009429436
Up Clock @ waitClock|0,2062,0.009440982
Up Clock @ waitClock|0,2064,0.009452346
Up Clock @ waitClock|0,2066,0.009463530
Up Clock @ waitClock|0,2068,0.009474538
Up Clock @ waitClock|0,2070,0.009485371
Up Clock @ waitClock|0,2072,0.009496032
Up Clock @ waitClock|0,2074,0.009506525
Up Clock @ waitClock|0,2076,0.009516851
Up Clock @ waitClock|0,2078,0.009527012
Up Clock @ waitClock|0,2080,0.009537012
Up Clock @ waitClock|0,2082,0.009546853
Up Clock @ waitClock|0,2084,0.009556536
Up Clock @ waitClock|0,2086,0.009566065
Up Clock @ waitClock|0,2088,0.009575442
Up Clock @ waitClock|0,2090,0.009584669
Up Clock @ waitClock|0,2092,0.009593748
Up Clock @ waitClock|0,2094,0.009602682
Up Clock @ waitClock|0,2096,0.009611472
Up Clock @ waitClock|0,2098,0.009620121
Up Clock @ waitClock|0,2100,0.009628630
Up Clock @ waitClock|0,2102,0.009637003
Up Clock @ waitClock|0,2104,0.009645241
Up Clock @ waitClock|0,2106,0.009653345
Up Clock @ waitClock|0,2108,0.009661319
Up Clock @ waitClock|0,2110,0.009669164
Up Clock @ waitClock|0,2112,0.009676881
Up Clock @ waitClock|0,2114,0.009684474
Up Clock @ waitClock|0,2116,0.009691943
Up Clock @ waitClock|0,2118,0.009699291
Up Clock @ waitClock|0,2120,0.009706519
Up Clock @ waitClock|0,2122,0.009713630
Up Clock @ waitClock|0,2124,0.009720624
Up Clock @ waitClock|0,2126,0.009727504
Up Clock @ waitClock|0,2128,0.009734272
Up Clock @ waitClock|0,2130,0.009740929
Up Clock @ waitClock|0,2132,0.009747477
Up Clock @ waitClock|0,2134,0.009753917
Up Clock @ waitClock|0,2136,0.009760251
Up Clock @ waitClock|0,2138,0.009766481
Up Clock @ waitClock|0,2140,0.009772609
Up Clock @ waitClock|0,2142,0.009778635
Up Clock @ waitClock|0,2144,0.009784562
Up Clock @ waitClock|0,2146,0.009790391
Up Clock @ waitClock|0,2148,0.009796123
Up Clock @ waitClock|0,2150,0.009801760
Up Clock @ waitClock|0,2152,0.009807303
Up Clock @ waitClock|0,2154,0.009812754
Up Clock @ waitClock|0,2156,0.009818115
Up Clock @ waitClock|0,2158,0.009823386
Up Clock @ waitClock|0,2160,0.009828569
Up Clock @ waitClock|0,2162,0.009833665
Up Clock @ waitClock|0,2164,0.009838676
Up Clock @ waitClock|0,2166,0.009843603
Up Clock @ waitClock|0,2168,0.009848447
Up Clock @ waitClock|0,2170,0.009853209
Up Clock @ waitClock|0,2172,0.009857892
Up Clock @ waitClock|0,2174,0.009862495
Up Clock @ waitClock|0,2176,0.009867021
Up Clock @ waitClock|0,2178,0.009871470
Up Clock @ waitClock|0,2180,0.009875843
Up Clock @ waitClock|0,2182,0.009880142
Up Clock @ waitClock|0,2184,0.009884369
Up Clock @ waitClock|0,2186,0.009888523
Up Clock @ waitClock|0,2188,0.009892606
Up Clock @ waitClock|0,2190,0.009896620
Up Clock @ waitClock|0,2192,0.009900565
Up Clock @ waitClock|0,2194,0.009904442
Up Clock @ waitClock|0,2196,0.009908253
Up Clock @ waitClock|0,2198,0.009911999
Up Clock @ waitClock|0,2200,0.009915679
Up Clock @ waitClock|0,2202,0.009919297
Up Clock @ waitClock|0,2204,0.009922852
Up Clock @ waitClock|0,2206,0.009926345
Up Clock @ waitClock|0,2208,0.009929778
Up Clock @ waitClock|0,2210,0.009933151
Up Clock @ waitClock|0,2212,0.009936466
Up Clock @ waitClock|0,2214,0.009939722
Up Clock @ waitClock|0,2216,0.009942922
Up Clock @ waitClock|0,2218,0.009946066
Up Clock @ waitClock|0,2220,0.009949155
Up Clock @ waitClock|0,2222,0.009952190
Up Clock @ waitClock|0,2224,0.009955171
Up Clock @ waitClock|0,2226,0.009958100
Up Clock @ waitClock|0,2228,0.009960977
Up Clock @ waitClock|0,2230,0.009963803
Up Clock @ waitClock|0,2232,0.009966579
Up Clock @ waitClock|0,2234,0.009969306
Up Clock @ waitClock|0,2236,0.009971984
Up Clock @ waitClock|0,2238,0.009974615
Up Clock @ waitClock|0,2240,0.009977199
Up Clock @ waitClock|0,2242,0.009979736
Up Clock @ waitClock|0,2244,0.009982228
Up Clock @ waitClock|0,2246,0.009984675
Up Clock @ waitClock|0,2248,0.009987079
Up Clock @ waitClock|0,2250,0.009989438
Up Clock @ waitClock|0,2252,0.009991756
Up Clock @ waitClock|0,2254,0.009994031
Up Clock @ waitClock|0,2256,0.009996265
Up Clock @ waitClock|0,2258,0.009998458
Up Clock @ waitClock|0,2260,0.010000612
Up Clock @ waitClock|0,2262,0.010002726
Up Clock @ waitClock|0,2264,0.010004801
Up Clock @ waitClock|0,2266,0.010006838
Up Clock @ waitClock|0,2268,0.010008838
Up Clock @ waitClock|0,2270,0.010010801
Up Clock @ waitClock|0,2272,0.010012727
Up Clock @ waitClock|0,2274,0.010014618
Up Clock @ waitClock|0,2276,0.010016474
Up Clock @ waitClock|0,2278,0.010018295
Up Clock @ waitClock|0,2280,0.010020083
Up Clock @ waitClock|0,2282,0.010021837
Up Clock @ waitClock|0,2284,0.010023558
Up Clock @ waitClock|0,2286,0.010025246
Up Clock @ waitClock|0,2288,0.010026903
Up Clock @ waitClock|0,2290,0.010028529
Up Clock @ waitClock|0,2292,0.010030124
Up Clock @ waitClock|0,2294,0.010031688
Up Clock @ waitClock|0,2296,0.010033223
Up Clock @ waitClock|0,2298,0.010034728
Up Clock @ waitClock|0,2300,0.010036205
Up Clock @ waitClock|0,2302,0.010037653
Up Clock @ waitClock|0,2304,0.010039074
Up Clock @ waitClock|0,2306,0.010040467
Up Clock @ waitClock|0,2308,0.010041833
Up Clock @ waitClock|0,2310,0.010043173
Up Clock @ waitClock|0,2312,0.010044486
Up Clock @ waitClock|0,2314,0.010045774
Up Clock @ waitClock|0,2316,0.010047037
Up Clock @ waitClock|0,2318,0.010048275
Up Clock @ waitClock|0,2320,0.010049488
Up Clock @ waitClock|0,2322,0.010050678
Up Clock @ waitClock|0,2324,0.010051844
Up Clock @ waitClock|0,2326,0.010052987
Up Clock @ waitClock|0,2328,0.010054107
Up Clock @ waitClock|0,2330,0.010055204
Up Clock @ waitClock|0,2332,0.010056280
Up Clock @ waitClock|0,2334,0.010057334
Up Clock @ waitClock|0,2336,0.010058366
Up Clock @ waitClock|0,2338,0.010059378
Up Clock @ waitClock|0,2340,0.010060369
Up Clock @ waitClock|0,2342,0.010061340
Up Clock @ waitClock|0,2344,0.010062291
Up Clock @ waitClock|0,2346,0.010063223
Up Clock @ waitClock|0,2348,0.010064135
Up Clock @ waitClock|0,2350,0.010065028
Up Clock @ waitClock|0,2352,0.010065903
Up Clock @ waitClock|0,2354,0.010066760
Up Clock @ waitClock|0,2356,0.010067598
Up Clock @ waitClock|0,2358,0.010068419
Up Clock @ waitClock|0,2360,0.010069223
Up Clock @ waitClock|0,2362,0.010070010
Up Clock @ waitClock|0,2364,0.010070779
Up Clock @ waitClock|0,2366,0.010071533
Up Clock @ waitClock|0,2368,0.010072270
Up Clock @ waitClock|0,2370,0.010072992
Up Clock @ waitClock|0,2372,0.010073697
Up Clock @ waitClock|0,2374,0.010074388
Up Clock @ waitClock|0,2376,0.010075063
Up Clock @ waitClock|0,2378,0.010075724
Up Clock @ waitClock|0,2380,0.010076370
Up Clock @ waitClock|0,2382,0.010077002
Up Clock @ waitClock|0,2384,0.010077619
Up Clock @ waitClock|0,2386,0.010078223
Up Clock @ waitClock|0,2388,0.010078814
Up Clock @ waitClock|0,2390,0.010079391
Up Clock @ waitClock|0,2392,0.010079955
Up Clock @ waitClock|0,2394,0.010080506
Up Clock @ waitClock|0,2396,0.010081044
Up Clock @ waitClock|0,2398,0.010081570
Up Clock @ waitClock|0,2400,0.010082084
Up Clock @ waitClock|0,2402,0.010082586
Up Clock @ waitClock|0,2404,0.010083076
Up Clock @ waitClock|0,2406,0.067178814
Up Clock @ waitClock|0,2408,0.082744607
Up Clock @ waitClock|0,2410,0.067784637
Up Clock @ waitClock|0,2412,0.046433077
Up Clock @ waitClock|0,2414,0.029620928
Up Clock @ waitClock|0,2416,0.019019574
Up Clock @ waitClock|0,2418,0.013089736
Up Clock @ waitClock|0,2420,0.010003612
Up Clock @ waitClock|0,2422,0.008465451
Up Clock @ waitClock|0,2424,0.007716655
Up Clock @ waitClock|0,2426,0.007356533
Up Clock @ waitClock|0,2428,0.007186044
Up Clock @ waitClock|0,2430,0.007109649
Up Clock @ waitClock|0,2432,0.007081983
Up Clock @ waitClock|0,2434,0.007081205
Up Clock @ waitClock|0,2436,0.007096358
Up Clock @ waitClock|0,2438,0.007121570
Up Clock @ waitClock|0,2440,0.007153428
Up Clock @ waitClock|0,2442,0.007189787
Up Clock @ waitClock|0,2444,0.007229208
Up Clock @ waitClock|0,2446,0.007270685
Up Clock @ waitClock|0,2448,0.007313493
Up Clock @ waitClock|0,2450,0.007357105
Up Clock @ waitClock|0,2452,0.007401133
Up Clock @ waitClock|0,2454,0.007445292
Up Clock @ waitClock|0,2456,0.007489372
Up Clock @ waitClock|0,2458,0.007533219
Up Clock @ waitClock|0,2460,0.007576720
Up Clock @ waitClock|0,2462,0.007619795
Up Clock @ waitClock|0,2464,0.007662385
Up Clock @ waitClock|0,2466,0.007704449
Up Clock @ waitClock|0,2468,0.007745958
Up Clock @ waitClock|0,2470,0.007786896
Up Clock @ waitClock|0,2472,0.007827249
Up Clock @ waitClock|0,2474,0.007867011
Up Clock @ waitClock|0,2476,0.007906181
Up Clock @ waitClock|0,2478,0.007944759
Up Clock @ waitClock|0,2480,0.007982747
Up Clock @ waitClock|0,2482,0.008020149
Up Clock @ waitClock|0,2484,0.008056971
Up Clock @ waitClock|0,2486,0.008093220
Up Clock @ waitClock|0,2488,0.008128900
Up Clock @ waitClock|0,2490,0.008164021
Up Clock @ waitClock|0,2492,0.008198588
Up Clock @ waitClock|0,2494,0.008232610
Up Clock @ waitClock|0,2496,0.008266093
Up Clock @ waitClock|0,2498,0.008299047
Up Clock @ waitClock|0,2500,0.008331478
Up Clock @ waitClock|0,2502,0.008363394
Up Clock @ waitClock|0,2504,0.008394802
Up Clock @ waitClock|0,2506,0.008425710
Up Clock @ waitClock|0,2508,0.008456126
Up Clock @ waitClock|0,2510,0.008486057
Up Clock @ waitClock|0,2512,0.008515509
Up Clock @ waitClock|0,2514,0.008544491
Up Clock @ waitClock|0,2516,0.008573010
Up Clock @ waitClock|0,2518,0.008601072
Up Clock @ waitClock|0,2520,0.008628684
Up Clock @ waitClock|0,2522,0.008655853
Up Clock @ waitClock|0,2524,0.008682585
Up Clock @ waitClock|0,2526,0.008708888
Up Clock @ waitClock|0,2528,0.008734768
Up Clock @ waitClock|0,2530,0.008760231
Up Clock @ waitClock|0,2532,0.008785284
Up Clock @ waitClock|0,2534,0.008809933
Up Clock @ waitClock|0,2536,0.008834184
Up Clock @ waitClock|0,2538,0.008858042
Up Clock @ waitClock|0,2540,0.008881515
Up Clock @ waitClock|0,2542,0.008904608
Up Clock @ waitClock|0,2544,0.008927326
Up Clock @ waitClock|0,2546,0.008949676
Up Clock @ waitClock|0,2548,0.008971662
Up Clock @ waitClock|0,2550,0.008993292
Up Clock @ waitClock|0,2552,0.009014569
Up Clock @ waitClock|0,2554,0.009035500
Up Clock @ waitClock|0,2556,0.009056089
Up Clock @ waitClock|0,2558,0.009076343
Up Clock @ waitClock|0,2560,0.009096265
Up Clock @ waitClock|0,2562,0.009115862
Up Clock @ waitClock|0,2564,0.009135138
Up Clock @ waitClock|0,2566,0.009154098
Up Clock @ waitClock|0,2568,0.009172747
Up Clock @ waitClock|0,2570,0.009191089
Up Clock @ waitClock|0,2572,0.009209130
Up Clock @ waitClock|0,2574,0.009226875
Up Clock @ waitClock|0,2576,0.009244327
Up Clock @ waitClock|0,2578,0.009261491
Up Clock @ waitClock|0,2580,0.009278372
Up Clock @ waitClock|0,2582,0.009294973
Up Clock @ waitClock|0,2584,0.009311300
Up Clock @ waitClock|0,2586,0.009327357
Up Clock @ waitClock|0,2588,0.009343147
Up Clock @ waitClock|0,2590,0.009358676
Up Clock @ waitClock|0,2592,0.009373946
Up Clock @ waitClock|0,2594,0.009388962
Up Clock @ waitClock|0,2596,0.009403728
Up Clock @ waitClock|0,2598,0.009418248
Up Clock @ waitClock|0,2600,0.009432525
Up Clock @ waitClock|0,2602,0.009446564
Up Clock @ waitClock|0,2604,0.009460368
Up Clock @ waitClock|0,2606,0.009473940
Up Clock @ waitClock|0,2608,0.009487285
Up Clock @ waitClock|0,2610,0.009500406
Up Clock @ waitClock|0,2612,0.009513306
Up Clock @ waitClock|0,2614,0.009525989
Up Clock @ waitClock|0,2616,0.009538458
Up Clock @ waitClock|0,2618,0.009550717
Up Clock @ waitClock|0,2620,0.009562769
Up Clock @ waitClock|0,2622,0.009574616
Up Clock @ waitClock|0,2624,0.009586263
Up Clock @ waitClock|0,2626,0.009597713
Up Clock @ waitClock|0,2628,0.009608968
Up Clock @ waitClock|0,2630,0.009620032
Up Clock @ waitClock|0,2632,0.009630907
Up Clock @ waitClock|0,2634,0.009641597
Up Clock @ waitClock|0,2636,0.009652105
Up Clock @ waitClock|0,2638,0.009662433
Up Clock @ waitClock|0,2640,0.009672584
Up Clock @ waitClock|0,2642,0.009682561
Up Clock @ waitClock|0,2644,0.009692367
Up Clock @ waitClock|0,2646,0.009702004
Up Clock @ waitClock|0,2648,0.009711476
Up Clock @ waitClock|0,2650,0.009720784
Up Clock @ waitClock|0,2652,0.009729932
Up Clock @ waitClock|0,2654,0.009738922
Up Clock @ waitClock|0,2656,0.009747756
Up Clock @ waitClock|0,2658,0.009756437
Up Clock @ waitClock|0,2660,0.009764967
Up Clock @ waitClock|0,2662,0.009773349
Up Clock @ waitClock|0,2664,0.009781586
Up Clock @ waitClock|0,2666,0.009789678
Up Clock @ waitClock|0,2668,0.009797630
Up Clock @ waitClock|0,2670,0.009805442
Up Clock @ waitClock|0,2672,0.009813118
Up Clock @ waitClock|0,2674,0.009820659
Up Clock @ waitClock|0,2676,0.009828067
Up Clock @ waitClock|0,2678,0.009835346
Up Clock @ waitClock|0,2680,0.009842496
Up Clock @ waitClock|0,2682,0.009849520
Up Clock @ waitClock|0,2684,0.009856419
Up Clock @ waitClock|0,2686,0.009863197
Up Clock @ waitClock|0,2688,0.009869854
Up Clock @ waitClock|0,2690,0.009876394
Up Clock @ waitClock|0,2692,0.009882817
Up Clock @ waitClock|0,2694,0.009889125
Up Clock @ waitClock|0,2696,0.009895321
Up Clock @ waitClock|0,2698,0.009901406
Up Clock @ waitClock|0,2700,0.009907382
Up Clock @ waitClock|0,2702,0.009913251
Up Clock @ waitClock|0,2704,0.009919015
Up Clock @ waitClock|0,2706,0.009924675
Up Clock @ waitClock|0,2708,0.009930232
Up Clock @ waitClock|0,2710,0.009935690
Up Clock @ waitClock|0,2712,0.009941048
Up Clock @ waitClock|0,2714,0.009946310
Up Clock @ waitClock|0,2716,0.009951476
Up Clock @ waitClock|0,2718,0.009956548
Up Clock @ waitClock|0,2720,0.009961527
Up Clock @ waitClock|0,2722,0.009966416
Up Clock @ waitClock|0,2724,0.009971215
Up Clock @ waitClock|0,2726,0.009975926
Up Clock @ waitClock|0,2728,0.009980550
Up Clock @ waitClock|0,2730,0.009985090
Up Clock @ waitClock|0,2732,0.009989546
Up Clock @ waitClock|0,2734,0.009993919
Up Clock @ waitClock|0,2736,0.009998212
Up Clock @ waitClock|0,2738,0.010002425
Up Clock @ waitClock|0,2740,0.010006559
Up Clock @ waitClock|0,2742,0.010010617
Up Clock @ waitClock|0,2744,0.010014599
Up Clock @ waitClock|0,2746,0.010018506
Up Clock @ waitClock|0,2748,0.010022340
Up Clock @ waitClock|0,2750,0.010026102
Up Clock @ waitClock|0,2752,0.010029794
Up Clock @ waitClock|0,2754,0.010033415
Up Clock @ waitClock|0,2756,0.010036968
Up Clock @ waitClock|0,2758,0.010040454
Up Clock @ waitClock|0,2760,0.010043874
Up Clock @ waitClock|0,2762,0.010047229
Up Clock @ waitClock|0,2764,0.010050519
Up Clock @ waitClock|0,2766,0.010053747
Up Clock @ waitClock|0,2768,0.010056913
Up Clock @ waitClock|0,2770,0.010060018
Up Clock @ waitClock|0,2772,0.010063063
Up Clock @ waitClock|0,2774,0.010066049
Up Clock @ waitClock|0,2776,0.010068978
Up Clock @ waitClock|0,2778,0.010071850
Up Clock @ waitClock|0,2780,0.010074666
Up Clock @ waitClock|0,2782,0.010077427
Up Clock @ waitClock|0,2784,0.010080134
Up Clock @ waitClock|0,2786,0.010082788
Up Clock @ waitClock|0,2788,0.010085390
Up Clock @ waitClock|0,2790,0.010087940
Up Clock @ waitClock|0,2792,0.010090441
Up Clock @ waitClock|0,2794,0.010092891
Up Clock @ waitClock|0,2796,0.010095293
Up Clock @ waitClock|0,2798,0.010097647
Up Clock @ waitClock|0,2800,0.010099955
Up Clock @ waitClock|0,2802,0.010102216
Up Clock @ waitClock|0,2804,0.010104431
Up Clock @ waitClock|0,2806,0.010106602
Up Clock @ waitClock|0,2808,0.010108729
Up Clock @ waitClock|0,2810,0.010110813
Up Clock @ waitClock|0,2812,0.010112855
Up Clock @ waitClock|0,2814,0.010114855
Up Clock @ waitClock|0,2816,0.010116814
Up Clock @ waitClock|0,2818,0.010118733
Up Clock @ waitClock|0,2820,0.010120612
Up Clock @ waitClock|0,2822,0.010122453
Up Clock @ waitClock|0,2824,0.010124255
Up Clock @ waitClock|0,2826,0.010126020
Up Clock @ waitClock|0,2828,0.010127749
Up Clock @ waitClock|0,2830,0.010129441
Up Clock @ waitClock|0,2832,0.010131097
Up Clock @ waitClock|0,2834,0.010132719
Up Clock @ waitClock|0,2836,0.010134307
Up Clock @ waitClock|0,2838,0.010135860
Up Clock @ waitClock|0,2840,0.010137381
Up Clock @ waitClock|0,2842,0.010138869
Up Clock @ waitClock|0,2844,0.010140326
Up Clock @ waitClock|0,2846,0.010141751
Up Clock @ waitClock|0,2848,0.010143145
Up Clock @ waitClock|0,2850,0.010144509
Up Clock @ waitClock|0,2852,0.010145843
Up Clock @ waitClock|0,2854,0.010147148
Up Clock @ waitClock|0,2856,0.010148425
Up Clock @ waitClock|0,2858,0.010149673
Up Clock @ waitClock|0,2860,0.010150894
Up Clock @ waitClock|0,2862,0.010152087
Up Clock @ waitClock|0,2864,0.010153254
Up Clock @ waitClock|0,2866,0.010154395
Up Clock @ waitClock|0,2868,0.010155510
Up Clock @ waitClock|0,2870,0.010156600
Up Clock @ waitClock|0,2872,0.010157665
Up Clock @ waitClock|0,2874,0.010158706
Up Clock @ waitClock|0,2876,0.010159723
Up Clock @ waitClock|0,2878,0.010160716
Up Clock @ waitClock|0,2880,0.010161687
Up Clock @ waitClock|0,2882,0.010162635
Up Clock @ waitClock|0,2884,0.010163561
Up Clock @ waitClock|0,2886,0.010164465
Up Clock @ waitClock|0,2888,0.010165348
Up Clock @ waitClock|0,2890,0.010166210
Up Clock @ waitClock|0,2892,0.010167051
Up Clock @ waitClock|0,2894,0.010167872
Up Clock @ waitClock|0,2896,0.010168673
Up Clock @ waitClock|0,2898,0.010169455
Up Clock @ waitClock|0,2900,0.010170218
Up Clock @ waitClock|0,2902,0.010170962
Up Clock @ waitClock|0,2904,0.010171688
Up Clock @ waitClock|0,2906,0.010172395
Up Clock @ waitClock|0,2908,0.010173085
Up Clock @ waitClock|0,2910,0.010173758
Up Clock @ waitClock|0,2912,0.010174414
Up Clock @ waitClock|0,2914,0.010175053
Up Clock @ waitClock|0,2916,0.010175675
Up Clock @ waitClock|0,2918,0.010176282
Up Clock @ waitClock|0,2920,0.010176873
Up Clock @ waitClock|0,2922,0.010177448
Up Clock @ waitClock|0,2924,0.010178008
Up Clock @ waitClock|0,2926,0.010178553
Up Clock @ waitClock|0,2928,0.010179084
Up Clock @ waitClock|0,2930,0.010179600
Up Clock @ waitClock|0,2932,0.010180103
Up Clock @ waitClock|0,2934,0.010180592
Up Clock @ waitClock|0,2936,0.010181067
Up Clock @ waitClock|0,2938,0.010181529
Up Clock @ waitClock|0,2940,0.010181978
Up Clock @ waitClock|0,2942,0.010182414
Up Clock @ waitClock|0,2944,0.010182838
Up Clock @ waitClock|0,2946,0.010183250
Up Clock @ waitClock|0,2948,0.010183649
Up Clock @ waitClock|0,2950,0.010184037
Up Clock @ waitClock|0,2952,0.010184414
Up Clock @ waitClock|0,2954,0.010184779
Up Clock @ waitClock|0,2956,0.010185133
Up Clock @ waitClock|0,2958,0.010185477
Up Clock @ waitClock|0,2960,0.010185810
Up Clock @ waitClock|0,2962,0.010186132
Up Clock @ waitClock|0,2964,0.010186444
Up Clock @ waitClock|0,2966,0.010186747
Up Clock @ waitClock|0,2968,0.010187039
Up Clock @ waitClock|0,2970,0.010187322
Up Clock @ waitClock|0,2972,0.010187596
Up Clock @ waitClock|0,2974,0.010187860
Up Clock @ waitClock|0,2976,0.010188116
Up Clock @ waitClock|0,2978,0.010188362
Up Clock @ waitClock|0,2980,0.010188600
Up Clock @ waitClock|0,2982,0.010188830
Up Clock @ waitClock|0,2984,0.010189051
Up Clock @ waitClock|0,2986,0.010189264
Up Clock @ waitClock|0,2988,0.010189470
Up Clock @ waitClock|0,2990,0.010189667
Up Clock @ waitClock|0,2992,0.010189857
Up Clock @ waitClock|0,2994,0.010190040
Up Clock @ waitClock|0,2996,0.010190215
Up Clock @ waitClock|0,2998,0.010190384
Up Clock @ waitClock|0,3000,0.010190545
Up Clock @ waitClock|0,3002,0.010190699
Up Clock @ waitClock|0,3004,0.010190847
Up Clock @ waitClock|0,3006,0.010190989
Up Clock @ waitClock|0,3008,0.035538586
Up Clock @ waitClock|0,3010,0.050518387
Up Clock @ waitClock|0,3012,0.048648316
Up Clock @ waitClock|0,3014,0.038559280
Up Clock @ waitClock|0,3016,0.027850445
Up Clock @ waitClock|0,3018,0.019694067
Up Clock @ waitClock|0,3020,0.014426865
Up Clock @ waitClock|0,3022,0.011349518
Up Clock @ waitClock|0,3024,0.009664944
Up Clock @ waitClock|0,3026,0.008781431
Up Clock @ waitClock|0,3028,0.008331039
Up Clock @ waitClock|0,3030,0.008106752
Up Clock @ waitClock|0,3032,0.007999081
Up Clock @ waitClock|0,3034,0.007952189
Up Clock @ waitClock|0,3036,0.007938011
Up Clock @ waitClock|0,3038,0.007942332
Up Clock @ waitClock|0,3040,0.007957726
Up Clock @ waitClock|0,3042,0.007980101
Up Clock @ waitClock|0,3044,0.008007048
Up Clock @ waitClock|0,3046,0.008037048
Up Clock @ waitClock|0,3048,0.008069087
Up Clock @ waitClock|0,3050,0.008102458
Up Clock @ waitClock|0,3052,0.008136657
Up Clock @ waitClock|0,3054,0.008171314
Up Clock @ waitClock|0,3056,0.008206163
Up Clock @ waitClock|0,3058,0.008241005
Up Clock @ waitClock|0,3060,0.008275695
Up Clock @ waitClock|0,3062,0.008310128
Up Clock @ waitClock|0,3064,0.008344227
Up Clock @ waitClock|0,3066,0.008377936
Up Clock @ waitClock|0,3068,0.008411217
Up Clock @ waitClock|0,3070,0.008444043
Up Clock @ waitClock|0,3072,0.008476395
Up Clock @ waitClock|0,3074,0.008508261
Up Clock @ waitClock|0,3076,0.008539637
Up Clock @ waitClock|0,3078,0.008570518
Up Clock @ waitClock|0,3080,0.008600905
Up Clock @ waitClock|0,3082,0.008630799
Up Clock @ waitClock|0,3084,0.008660204
Up Clock @ waitClock|0,3086,0.008689124
Up Clock @ waitClock|0,3088,0.008717565
Up Clock @ waitClock|0,3090,0.008745532
Up Clock @ waitClock|0,3092,0.008773031
Up Clock @ waitClock|0,3094,0.008800070
Up Clock @ waitClock|0,3096,0.008826653
Up Clock @ waitClock|0,3098,0.008852788
Up Clock @ waitClock|0,3100,0.008878482
Up Clock @ waitClock|0,3102,0.008903741
Up Clock @ waitClock|0,3104,0.008928572
Up Clock @ waitClock|0,3106,0.008952982
Up Clock @ waitClock|0,3108,0.008976977
Up Clock @ waitClock|0,3110,0.009000564
Up Clock @ waitClock|0,3112,0.009023748
Up Clock @ waitClock|0,3114,0.009046537
Up Clock @ waitClock|0,3116,0.009068937
Up Clock @ waitClock|0,3118,0.009090954
Up Clock @ waitClock|0,3120,0.009112594
Up Clock @ waitClock|0,3122,0.009133863
Up Clock @ waitClock|0,3124,0.009154767
Up Clock @ waitClock|0,3126,0.009175312
Up Clock @ waitClock|0,3128,0.009195503
Up Clock @ waitClock|0,3130,0.009215346
Up Clock @ waitClock|0,3132,0.009234848
Up Clock @ waitClock|0,3134,0.009254012
Up Clock @ waitClock|0,3136,0.009272846
Up Clock @ waitClock|0,3138,0.009291353
Up Clock @ waitClock|0,3140,0.009309540
Up Clock @ waitClock|0,3142,0.009327412
Up Clock @ waitClock|0,3144,0.009344973
Up Clock @ waitClock|0,3146,0.009362228
Up Clock @ waitClock|0,3148,0.009379183
Up Clock @ waitClock|0,3150,0.009395843
Up Clock @ waitClock|0,3152,0.009412212
Up Clock @ waitClock|0,3154,0.009428294
Up Clock @ waitClock|0,3156,0.009444095
Up Clock @ waitClock|0,3158,0.009459620
Up Clock @ waitClock|0,3160,0.009474872
Up Clock @ waitClock|0,3162,0.009489855
Up Clock @ waitClock|0,3164,0.009504576
Up Clock @ waitClock|0,3166,0.009519037
Up Clock @ waitClock|0,3168,0.009533243
Up Clock @ waitClock|0,3170,0.009547198
Up Clock @ waitClock|0,3172,0.009560906
Up Clock @ waitClock|0,3174,0.009574371
Up Clock @ waitClock|0,3176,0.009587598
Up Clock @ waitClock|0,3178,0.009600590
Up Clock @ waitClock|0,3180,0.009613350
Up Clock @ waitClock|0,3182,0.009625884
Up Clock @ waitClock|0,3184,0.009638194
Up Clock @ waitClock|0,3186,0.009650284
Up Clock @ waitClock|0,3188,0.009662157
Up Clock @ waitClock|0,3190,0.009673818
Up Clock @ waitClock|0,3192,0.009685270
Up Clock @ waitClock|0,3194,0.009696516
Up Clock @ waitClock|0,3196,0.009707560
Up Clock @ waitClock|0,3198,0.009718405
Up Clock @ waitClock|0,3200,0.009729054
Up Clock @ waitClock|0,3202,0.009739510
Up Clock @ waitClock|0,3204,0.009749778
Up Clock @ waitClock|0,3206,0.009759859
Up Clock @ waitClock|0,3208,0.009769757
Up Clock @ waitClock|0,3210,0.009779475
Up Clock @ waitClock|0,3212,0.009789016
Up Clock @ waitClock|0,3214,0.009798383
Up Clock @ waitClock|0,3216,0.009807579
Up Clock @ waitClock|0,3218,0.009816606
Up Clock @ waitClock|0,3220,0.009825468
Up Clock @ waitClock|0,3222,0.009834168
Up Clock @ waitClock|0,3224,0.009842707
Up Clock @ waitClock|0,3226,0.009851089
Up Clock @ waitClock|0,3228,0.009859316
Up Clock @ waitClock|0,3230,0.009867391
Up Clock @ waitClock|0,3232,0.009875316
Up Clock @ waitClock|0,3234,0.009883095
Up Clock @ waitClock|0,3236,0.009890729
Up Clock @ waitClock|0,3238,0.009898220
Up Clock @ waitClock|0,3240,0.009905572
Up Clock @ waitClock|0,3242,0.009912787
Up Clock @ waitClock|0,3244,0.009919866
Up Clock @ waitClock|0,3246,0.009926813
Up Clock @ waitClock|0,3248,0.009933629
Up Clock @ waitClock|0,3250,0.009940317
Up Clock @ waitClock|0,3252,0.009946879
Up Clock @ waitClock|0,3254,0.009953317
Up Clock @ waitClock|0,3256,0.009959633
Up Clock @ waitClock|0,3258,0.009965829
Up Clock @ waitClock|0,3260,0.009971907
Up Clock @ waitClock|0,3262,0.009977869
Up Clock @ waitClock|0,3264,0.009983718
Up Clock @ waitClock|0,3266,0.009989455
Up Clock @ waitClock|0,3268,0.009995082
Up Clock @ waitClock|0,3270,0.010000601
Up Clock @ waitClock|0,3272,0.010006014
Up Clock @ waitClock|0,3274,0.010011322
Up Clock @ waitClock|0,3276,0.010016528
Up Clock @ waitClock|0,3278,0.010021633
Up Clock @ waitClock|0,3280,0.010026639
Up Clock @ waitClock|0,3282,0.010031547
Up Clock @ waitClock|0,3284,0.010036360
Up Clock @ waitClock|0,3286,0.010041079
Up Clock @ waitClock|0,3288,0.010045706
Up Clock @ waitClock|0,3290,0.010050242
Up Clock @ waitClock|0,3292,0.010054688
Up Clock @ waitClock|0,3294,0.010059047
Up Clock @ waitClock|0,3296,0.010063320
Up Clock @ waitClock|0,3298,0.010067508
Up Clock @ waitClock|0,3300,0.010071613
Up Clock @ waitClock|0,3302,0.010075636
Up Clock @ waitClock|0,3304,0.010079579
Up Clock @ waitClock|0,3306,0.010083443
Up Clock @ waitClock|0,3308,0.010087230
Up Clock @ waitClock|0,3310,0.010090940
Up Clock @ waitClock|0,3312,0.010094576
Up Clock @ waitClock|0,3314,0.010098139
Up Clock @ waitClock|0,3316,0.010101629
Up Clock @ waitClock|0,3318,0.010105048
Up Clock @ waitClock|0,3320,0.010108398
Up Clock @ waitClock|0,3322,0.010111679
Up Clock @ waitClock|0,3324,0.010114893
Up Clock @ waitClock|0,3326,0.010118041
Up Clock @ waitClock|0,3328,0.010121124
Up Clock @ waitClock|0,3330,0.010124144
Up Clock @ waitClock|0,3332,0.010127101
Up Clock @ waitClock|0,3334,0.010129996
Up Clock @ waitClock|0,3336,0.010132832
Up Clock @ waitClock|0,3338,0.010135608
Up Clock @ waitClock|0,3340,0.010138326
Up Clock @ waitClock|0,3342,0.010140986
Up Clock @ waitClock|0,3344,0.010143591
Up Clock @ waitClock|0,3346,0.010146141
Up Clock @ waitClock|0,3348,0.010148636
Up Clock @ waitClock|0,3350,0.010151079
Up Clock @ waitClock|0,3352,0.010153469
Up Clock @ waitClock|0,3354,0.010155808
Up Clock @ waitClock|0,3356,0.010158097
Up Clock @ waitClock|0,3358,0.010160336
Up Clock @ waitClock|0,3360,0.010162527
Up Clock @ waitClock|0,3362,0.010164670
Up Clock @ waitClock|0,3364,0.010166767
Up Clock @ waitClock|0,3366,0.010168818
Up Clock @ waitClock|0,3368,0.010170823
Up Clock @ waitClock|0,3370,0.010172785
Up Clock @ waitClock|0,3372,0.010174703
Up Clock @ waitClock|0,3374,0.010176579
Up Clock @ waitClock|0,3376,0.010178413
Up Clock @ waitClock|0,3378,0.010180206
Up Clock @ waitClock|0,3380,0.010181958
Up Clock @ waitClock|0,3382,0.010183671
Up Clock @ waitClock|0,3384,0.010185346
Up Clock @ waitClock|0,3386,0.010186982
Up Clock @ waitClock|0,3388,0.010188581
Up Clock @ waitClock|0,3390,0.010190143
Up Clock @ waitClock|0,3392,0.010191670
Up Clock @ waitClock|0,3394,0.010193161
Up Clock @ waitClock|0,3396,0.010194617
Up Clock @ waitClock|0,3398,0.010196040
Up Clock @ waitClock|0,3400,0.010197429
Up Clock @ waitClock|0,3402,0.010198786
Up Clock @ waitClock|0,3404,0.010200110
Up Clock @ waitClock|0,3406,0.010201403
Up Clock @ waitClock|0,3408,0.010202665
Up Clock @ waitClock|0,3410,0.010203897
Up Clock @ waitClock|0,3412,0.010205099
Up Clock @ waitClock|0,3414,0.010206272
Up Clock @ waitClock|0,3416,0.010207417
Up Clock @ waitClock|0,3418,0.010208533
Up Clock @ waitClock|0,3420,0.010209622
Up Clock @ waitClock|0,3422,0.010210684
Up Clock @ waitClock|0,3424,0.010211720
Up Clock @ waitClock|0,3426,0.010212729
Up Clock @ waitClock|0,3428,0.010213714
Up Clock @ waitClock|0,3430,0.010214673
Up Clock @ waitClock|0,3432,0.010215608
Up Clock @ waitClock|0,3434,0.010216519
Up Clock @ waitClock|0,3436,0.010217406
Up Clock @ waitClock|0,3438,0.010218271
Up Clock @ waitClock|0,3440,0.010219113
Up Clock @ waitClock|0,3442,0.010219933
Up Clock @ waitClock|0,3444,0.010220731
Up Clock @ waitClock|0,3446,0.010221507
Up Clock @ waitClock|0,3448,0.010222263
Up Clock @ waitClock|0,3450,0.010222999
Up Clock @ waitClock|0,3452,0.010223715
Up Clock @ waitClock|0,3454,0.010224411
Up Clock @ waitClock|0,3456,0.010225087
Up Clock @ waitClock|0,3458,0.010225745
Up Clock @ waitClock|0,3460,0.010226385
Up Clock @ waitClock|0,3462,0.010227006
Up Clock @ waitClock|0,3464,0.010227610
Up Clock @ waitClock|0,3466,0.010228196
Up Clock @ waitClock|0,3468,0.010228766
Up Clock @ waitClock|0,3470,0.010229319
Up Clock @ waitClock|0,3472,0.010229855
Up Clock @ waitClock|0,3474,0.010230376
Up Clock @ waitClock|0,3476,0.010230880
Up Clock @ waitClock|0,3478,0.010231370
Up Clock @ waitClock|0,3480,0.010231845
Up Clock @ waitClock|0,3482,0.010232304
Up Clock @ waitClock|0,3484,0.010232750
Up Clock @ waitClock|0,3486,0.010233181
Up Clock @ waitClock|0,3488,0.010233599
Up Clock @ waitClock|0,3490,0.010234003
Up Clock @ waitClock|0,3492,0.010234394
Up Clock @ waitClock|0,3494,0.010234772
Up Clock @ waitClock|0,3496,0.010235138
Up Clock @ waitClock|0,3498,0.010235491
Up Clock @ waitClock|0,3500,0.010235832
Up Clock @ waitClock|0,3502,0.010236161
Up Clock @ waitClock|0,3504,0.010236478
Up Clock @ waitClock|0,3506,0.010236784
Up Clock @ waitClock|0,3508,0.010237079
Up Clock @ waitClock|0,3510,0.010237363
Up Clock @ waitClock|0,3512,0.010237637
Up Clock @ waitClock|0,3514,0.010237900
Up Clock @ waitClock|0,3516,0.010238153
Up Clock @ waitClock|0,3518,0.010238396
Up Clock @ waitClock|0,3520,0.010238629
Up Clock @ waitClock|0,3522,0.010238853
Up Clock @ waitClock|0,3524,0.010239068
Up Clock @ waitClock|0,3526,0.010239273
Up Clock @ waitClock|0,3528,0.010239470
Up Clock @ waitClock|0,3530,0.010239658
Up Clock @ waitClock|0,3532,0.010239838
Up Clock @ waitClock|0,3534,0.010240009
Up Clock @ waitClock|0,3536,0.010240172
Up Clock @ waitClock|0,3538,0.010240327
Up Clock @ waitClock|0,3540,0.010240475
Up Clock @ waitClock|0,3542,0.010240615
Up Clock @ waitClock|0,3544,0.010240747
Up Clock @ waitClock|0,3546,0.010240873
Up Clock @ waitClock|0,3548,0.010240991
Up Clock @ waitClock|0,3550,0.010241103
Up Clock @ waitClock|0,3552,0.010241207
Up Clock @ waitClock|0,3554,0.010241306
Up Clock @ waitClock|0,3556,0.010241398
Up Clock @ waitClock|0,3558,0.010241483
Up Clock @ waitClock|0,3560,0.010241563
Up Clock @ waitClock|0,3562,0.010241637
Up Clock @ waitClock|0,3564,0.010241705
Up Clock @ waitClock|0,3566,0.010241767
Up Clock @ waitClock|0,3568,0.010241824
Up Clock @ waitClock|0,3570,0.010241875
Up Clock @ waitClock|0,3572,0.010241922
Up Clock @ waitClock|0,3574,0.010241963
Up Clock @ waitClock|0,3576,0.010241999
Up Clock @ waitClock|0,3578,0.010242030
Up Clock @ waitClock|0,3580,0.010242057
Up Clock @ waitClock|0,3582,0.010242079
Up Clock @ waitClock|0,3584,0.010242097
Up Clock @ waitClock|0,3586,0.010242110
Up Clock @ waitClock|0,3588,0.010242119
Up Clock @ waitClock|0,3590,0.010242124
Up Clock @ waitClock|0,3592,0.010242124
Up Clock @ waitClock|0,3594,0.010242121
Up Clock @ waitClock|0,3596,0.010242115
Up Clock @ waitClock|0,3598,0.010242104
Up Clock @ waitClock|0,3600,0.010242090
Up Clock @ waitClock|0,3602,0.010242072
Up Clock @ waitClock|0,3604,0.010242051
Up Clock @ waitClock|0,3606,0.010242027
Up Clock @ waitClock|0,3608,0.010241999
Up Clock @ waitClock|0,3610,0.021494985
Up Clock @ waitClock|0,3612,0.031727613
Up Clock @ waitClock|0,3614,0.034156088
Up Clock @ waitClock|0,3616,0.030444010
Up Clock @ waitClock|0,3618,0.024491368
Up Clock @ waitClock|0,3620,0.018951906
Up Clock @ waitClock|0,3622,0.014825691
Up Clock @ waitClock|0,3624,0.012124664
Up Clock @ waitClock|0,3626,0.010500408
Up Clock @ waitClock|0,3628,0.009579319
Up Clock @ waitClock|0,3630,0.009078369
Up Clock @ waitClock|0,3632,0.008814637
Up Clock @ waitClock|0,3634,0.008680469
Up Clock @ waitClock|0,3636,0.008616167
Up Clock @ waitClock|0,3638,0.008589796
Up Clock @ waitClock|0,3640,0.008584541
Up Clock @ waitClock|0,3642,0.008591512
Up Clock @ waitClock|0,3644,0.008605889
Up Clock @ waitClock|0,3646,0.008624941
Up Clock @ waitClock|0,3648,0.008647034
Up Clock @ waitClock|0,3650,0.008671129
Up Clock @ waitClock|0,3652,0.008696532
Up Clock @ waitClock|0,3654,0.008722760
Up Clock @ waitClock|0,3656,0.008749470
Up Clock @ waitClock|0,3658,0.008776412
Up Clock @ waitClock|0,3660,0.008803403
Up Clock @ waitClock|0,3662,0.008830312
Up Clock @ waitClock|0,3664,0.008857039
Up Clock @ waitClock|0,3666,0.008883516
Up Clock @ waitClock|0,3668,0.008909689
Up Clock @ waitClock|0,3670,0.008935524
Up Clock @ waitClock|0,3672,0.008960994
Up Clock @ waitClock|0,3674,0.008986083
Up Clock @ waitClock|0,3676,0.009010780
Up Clock @ waitClock|0,3678,0.009035078
Up Clock @ waitClock|0,3680,0.009058974
Up Clock @ waitClock|0,3682,0.009082467
Up Clock @ waitClock|0,3684,0.009105559
Up Clock @ waitClock|0,3686,0.009128252
Up Clock @ waitClock|0,3688,0.009150550
Up Clock @ waitClock|0,3690,0.009172457
Up Clock @ waitClock|0,3692,0.009193978
Up Clock @ waitClock|0,3694,0.009215118
Up Clock @ waitClock|0,3696,0.009235882
Up Clock @ waitClock|0,3698,0.009256277
Up Clock @ waitClock|0,3700,0.009276306
Up Clock @ waitClock|0,3702,0.009295977
Up Clock @ waitClock|0,3704,0.009315295
Up Clock @ waitClock|0,3706,0.009334266
Up Clock @ waitClock|0,3708,0.009352895
Up Clock @ waitClock|0,3710,0.009371187
Up Clock @ waitClock|0,3712,0.009389149
Up Clock @ waitClock|0,3714,0.009406786
Up Clock @ waitClock|0,3716,0.009424103
Up Clock @ waitClock|0,3718,0.009441106
Up Clock @ waitClock|0,3720,0.009457799
Up Clock @ waitClock|0,3722,0.009474189
Up Clock @ waitClock|0,3724,0.009490280
Up Clock @ waitClock|0,3726,0.009506077
Up Clock @ waitClock|0,3728,0.009521585
Up Clock @ waitClock|0,3730,0.009536809
Up Clock @ waitClock|0,3732,0.009551754
Up Clock @ waitClock|0,3734,0.009566424
Up Clock @ waitClock|0,3736,0.009580824
Up Clock @ waitClock|0,3738,0.009594960
Up Clock @ waitClock|0,3740,0.009608834
Up Clock @ waitClock|0,3742,0.009622452
Up Clock @ waitClock|0,3744,0.009635818
Up Clock @ waitClock|0,3746,0.009648937
Up Clock @ waitClock|0,3748,0.009661812
Up Clock @ waitClock|0,3750,0.009674447
Up Clock @ waitClock|0,3752,0.009686848
Up Clock @ waitClock|0,3754,0.009699017
Up Clock @ waitClock|0,3756,0.009710959
Up Clock @ waitClock|0,3758,0.009722677
Up Clock @ waitClock|0,3760,0.009734176
Up Clock @ waitClock|0,3762,0.009745460
Up Clock @ waitClock|0,3764,0.009756531
Up Clock @ waitClock|0,3766,0.009767393
Up Clock @ waitClock|0,3768,0.009778051
Up Clock @ waitClock|0,3770,0.009788508
Up Clock @ waitClock|0,3772,0.009798766
Up Clock @ waitClock|0,3774,0.009808830
Up Clock @ waitClock|0,3776,0.009818704
Up Clock @ waitClock|0,3778,0.009828389
Up Clock @ waitClock|0,3780,0.009837890
Up Clock @ waitClock|0,3782,0.009847209
Up Clock @ waitClock|0,3784,0.009856351
Up Clock @ waitClock|0,3786,0.009865317
Up Clock @ waitClock|0,3788,0.009874111
Up Clock @ waitClock|0,3790,0.009882736
Up Clock @ waitClock|0,3792,0.009891195
Up Clock @ waitClock|0,3794,0.009899491
Up Clock @ waitClock|0,3796,0.009907627
Up Clock @ waitClock|0,3798,0.009915604
Up Clock @ waitClock|0,3800,0.009923428
Up Clock @ waitClock|0,3802,0.009931099
Up Clock @ waitClock|0,3804,0.009938620
Up Clock @ waitClock|0,3806,0.009945995
Up Clock @ waitClock|0,3808,0.009953226
Up Clock @ waitClock|0,3810,0.009960315
Up Clock @ waitClock|0,3812,0.009967264
Up Clock @ waitClock|0,3814,0.009974077
Up Clock @ waitClock|0,3816,0.009980756
Up Clock @ waitClock|0,3818,0.009987303
Up Clock @ waitClock|0,3820,0.009993720
Up Clock @ waitClock|0,3822,0.010000010
Up Clock @ waitClock|0,3824,0.010006175
Up Clock @ waitClock|0,3826,0.010012217
Up Clock @ waitClock|0,3828,0.010018138
Up Clock @ waitClock|0,3830,0.010023941
Up Clock @ waitClock|0,3832,0.010029628
Up Clock @ waitClock|0,3834,0.010035200
Up Clock @ waitClock|0,3836,0.010040660
Up Clock @ waitClock|0,3838,0.010046010
Up Clock @ waitClock|0,3840,0.010051251
Up Clock @ waitClock|0,3842,0.010056386
Up Clock @ waitClock|0,3844,0.010061417
Up Clock @ waitClock|0,3846,0.010066345
Up Clock @ waitClock|0,3848,0.010071173
Up Clock @ waitClock|0,3850,0.010075901
Up Clock @ waitClock|0,3852,0.010080533
Up Clock @ waitClock|0,3854,0.010085069
Up Clock @ waitClock|0,3856,0.010089512
Up Clock @ waitClock|0,3858,0.010093863
Up Clock @ waitClock|0,3860,0.010098123
Up Clock @ waitClock|0,3862,0.010102295
Up Clock @ waitClock|0,3864,0.010106380
Up Clock @ waitClock|0,3866,0.010110380
Up Clock @ waitClock|0,3868,0.010114295
Up Clock @ waitClock|0,3870,0.010118129
Up Clock @ waitClock|0,3872,0.010121881
Up Clock @ waitClock|0,3874,0.010125555
Up Clock @ waitClock|0,3876,0.010129150
Up Clock @ waitClock|0,3878,0.010132669
Up Clock @ waitClock|0,3880,0.010136113
Up Clock @ waitClock|0,3882,0.010139484
Up Clock @ waitClock|0,3884,0.010142782
Up Clock @ waitClock|0,3886,0.010146009
Up Clock @ waitClock|0,3888,0.010149167
Up Clock @ waitClock|0,3890,0.010152256
Up Clock @ waitClock|0,3892,0.010155278
Up Clock @ waitClock|0,3894,0.010158235
Up Clock @ waitClock|0,3896,0.010161127
Up Clock @ waitClock|0,3898,0.010163955
Up Clock @ waitClock|0,3900,0.010166721
Up Clock @ waitClock|0,3902,0.010169427
Up Clock @ waitClock|0,3904,0.010172072
Up Clock @ waitClock|0,3906,0.010174659
Up Clock @ waitClock|0,3908,0.010177188
Up Clock @ waitClock|0,3910,0.010179661
Up Clock @ waitClock|0,3912,0.010182078
Up Clock @ waitClock|0,3914,0.010184440
Up Clock @ waitClock|0,3916,0.010186750
Up Clock @ waitClock|0,3918,0.010189007
Up Clock @ waitClock|0,3920,0.010191212
Up Clock @ waitClock|0,3922,0.010193367
Up Clock @ waitClock|0,3924,0.010195473
Up Clock @ waitClock|0,3926,0.010197530
Up Clock @ waitClock|0,3928,0.010199540
Up Clock @ waitClock|0,3930,0.010201503
Up Clock @ waitClock|0,3932,0.010203420
Up Clock @ waitClock|0,3934,0.010205292
Up Clock @ waitClock|0,3936,0.010207120
Up Clock @ waitClock|0,3938,0.010208906
Up Clock @ waitClock|0,3940,0.010210648
Up Clock @ waitClock|0,3942,0.010212350
Up Clock @ waitClock|0,3944,0.010214011
Up Clock @ waitClock|0,3946,0.010215631
Up Clock @ waitClock|0,3948,0.010217213
Up Clock @ waitClock|0,3950,0.010218756
Up Clock @ waitClock|0,3952,0.010220262
Up Clock @ waitClock|0,3954,0.010221731
Up Clock @ waitClock|0,3956,0.010223164
Up Clock @ waitClock|0,3958,0.010224561
Up Clock @ waitClock|0,3960,0.010225924
Up Clock @ waitClock|0,3962,0.010227252
Up Clock @ waitClock|0,3964,0.010228548
Up Clock @ waitClock|0,3966,0.010229810
Up Clock @ waitClock|0,3968,0.010231041
Up Clock @ waitClock|0,3970,0.010232240
Up Clock @ waitClock|0,3972,0.010233409
Up Clock @ waitClock|0,3974,0.010234547
Up Clock @ waitClock|0,3976,0.010235656
Up Clock @ waitClock|0,3978,0.010236735
Up Clock @ waitClock|0,3980,0.010237787
Up Clock @ waitClock|0,3982,0.010238811
Up Clock @ waitClock|0,3984,0.010239807
Up Clock @ waitClock|0,3986,0.010240777
Up Clock @ waitClock|0,3988,0.010241720
Up Clock @ waitClock|0,3990,0.010242639
Up Clock @ waitClock|0,3992,0.010243532
Up Clock @ waitClock|0,3994,0.010244400
Up Clock @ waitClock|0,3996,0.010245245
Up Clock @ waitClock|0,3998,0.010246066
Up Clock @ waitClock|0,4000,0.010246864
Up Clock @ waitClock|0,4002,0.010247639
Up Clock @ waitClock|0,4004,0.010248392
Up Clock @ waitClock|0,4006,0.010249124
Up Clock @ waitClock|0,4008,0.010249834
Up Clock @ waitClock|0,4010,0.010250524
Up Clock @ waitClock|0,4012,0.010251193
Up Clock @ waitClock|0,4014,0.010251843
Up Clock @ waitClock|0,4016,0.010252473
Up Clock @ waitClock|0,4018,0.010253084
Up Clock @ waitClock|0,4020,0.010253676
Up Clock @ waitClock|0,4022,0.010254251
Up Clock @ waitClock|0,4024,0.010254807
Up Clock @ waitClock|0,4026,0.010255346
Up Clock @ waitClock|0,4028,0.010255868
Up Clock @ waitClock|0,4030,0.010256373
Up Clock @ waitClock|0,4032,0.010256862
Up Clock @ waitClock|0,4034,0.010257334
Up Clock @ waitClock|0,4036,0.010257792
Up Clock @ waitClock|0,4038,0.010258233
Up Clock @ waitClock|0,4040,0.010258660
Up Clock @ waitClock|0,4042,0.010259073
Up Clock @ waitClock|0,4044,0.010259471
Up Clock @ waitClock|0,4046,0.010259855
Up Clock @ waitClock|0,4048,0.010260225
Up Clock @ waitClock|0,4050,0.010260582
Up Clock @ waitClock|0,4052,0.010260926
Up Clock @ waitClock|0,4054,0.010261257
Up Clock @ waitClock|0,4056,0.010261576
Up Clock @ waitClock|0,4058,0.010261882
Up Clock @ waitClock|0,4060,0.010262176
Up Clock @ waitClock|0,4062,0.010262459
Up Clock @ waitClock|0,4064,0.010262731
Up Clock @ waitClock|0,4066,0.010262991
Up Clock @ waitClock|0,4068,0.010263241
Up Clock @ waitClock|0,4070,0.010263480
Up Clock @ waitClock|0,4072,0.010263708
Up Clock @ waitClock|0,4074,0.010263927
Up Clock @ waitClock|0,4076,0.010264135
Up Clock @ waitClock|0,4078,0.010264334
Up Clock @ waitClock|0,4080,0.010264523
Up Clock @ waitClock|0,4082,0.010264704
Up Clock @ waitClock|0,4084,0.010264875
Up Clock @ waitClock|0,4086,0.010265038
Up Clock @ waitClock|0,4088,0.010265192
Up Clock @ waitClock|0,4090,0.010265337
Up Clock @ waitClock|0,4092,0.010265475
Up Clock @ waitClock|0,4094,0.010265605
Up Clock @ waitClock|0,4096,0.010265726
Up Clock @ waitClock|0,4098,0.010265841
Up Clock @ waitClock|0,4100,0.010265948
Up Clock @ waitClock|0,4102,0.010266048
Up Clock @ waitClock|0,4104,0.010266141
Up Clock @ waitClock|0,4106,0.010266227
Up Clock @ waitClock|0,4108,0.010266306
Up Clock @ waitClock|0,4110,0.010266379
Up Clock @ waitClock|0,4112,0.010266446
Up Clock @ waitClock|0,4114,0.010266506
Up Clock @ waitClock|0,4116,0.010266560
Up Clock @ waitClock|0,4118,0.010266609
Up Clock @ waitClock|0,4120,0.010266652
Up Clock @ waitClock|0,4122,0.010266690
Up Clock @ waitClock|0,4124,0.010266722
Up Clock @ waitClock|0,4126,0.010266749
Up Clock @ waitClock|0,4128,0.010266771
Up Clock @ waitClock|0,4130,0.010266787
Up Clock @ waitClock|0,4132,0.010266799
Up Clock @ waitClock|0,4134,0.010266807
Up Clock @ waitClock|0,4136,0.010266810
Up Clock @ waitClock|0,4138,0.010266808
Up Clock @ waitClock|0,4140,0.010266802
Up Clock @ waitClock|0,4142,0.010266792
Up Clock @ waitClock|0,4144,0.010266778
Up Clock @ waitClock|0,4146,0.010266760
Up Clock @ waitClock|0,4148,0.010266738
Up Clock @ waitClock|0,4150,0.010266713
Up Clock @ waitClock|0,4152,0.010266684
Up Clock @ waitClock|0,4154,0.010266651
Up Clock @ waitClock|0,4156,0.010266615
Up Clock @ waitClock|0,4158,0.010266576
Up Clock @ waitClock|0,4160,0.010266533
Up Clock @ waitClock|0,4162,0.010266487
Up Clock @ waitClock|0,4164,0.010266439
Up Clock @ waitClock|0,4166,0.010266387
Up Clock @ waitClock|0,4168,0.010266333
Up Clock @ waitClock|0,4170,0.010266276
Up Clock @ waitClock|0,4172,0.010266217
Up Clock @ waitClock|0,4174,0.010266155
Up Clock @ waitClock|0,4176,0.010266090
Up Clock @ waitClock|0,4178,0.010266023
Up Clock @ waitClock|0,4180,0.010265954
Up Clock @ waitClock|0,4182,0.010265883
Up Clock @ waitClock|0,4184,0.010265809
Up Clock @ waitClock|0,4186,0.010265734
Up Clock @ waitClock|0,4188,0.010265656
Up Clock @ waitClock|0,4190,0.010265577
Up Clock @ waitClock|0,4192,0.010265495
Up Clock @ waitClock|0,4194,0.010265412
Up Clock @ waitClock|0,4196,0.010265328
Up Clock @ waitClock|0,4198,0.010265241
Up Clock @ waitClock|0,4200,0.010265153
Up Clock @ waitClock|0,4202,0.010265064
Up Clock @ waitClock|0,4204,0.010264973
Up Clock @ waitClock|0,4206,0.010264881
Up Clock @ waitClock|0,4208,0.010264787
Up Clock @ waitClock|0,4210,0.010264692
Up Clock @ waitClock|0,4212,0.015260377
Up Clock @ waitClock|0,4214,0.021393496
Up Clock @ waitClock|0,4216,0.024424590
Up Clock @ waitClock|0,4218,0.023738989
Up Clock @ waitClock|0,4220,0.020869813
Up Clock @ waitClock|0,4222,0.017484150
Up Clock @ waitClock|0,4224,0.014559537
Up Clock @ waitClock|0,4226,0.012415174
Up Clock @ waitClock|0,4228,0.010999595
Up Clock @ waitClock|0,4230,0.010131067
Up Clock @ waitClock|0,4232,0.009625921
Up Clock @ waitClock|0,4234,0.009344018
Up Clock @ waitClock|0,4236,0.009192444
Up Clock @ waitClock|0,4238,0.009114668
Up Clock @ waitClock|0,4240,0.009078162
Up Clock @ waitClock|0,4242,0.009064841
Up Clock @ waitClock|0,4244,0.009064808
Up Clock @ waitClock|0,4246,0.009072631
Up Clock @ waitClock|0,4248,0.009085268
Up Clock @ waitClock|0,4250,0.009100949
Up Clock @ waitClock|0,4252,0.009118596
Up Clock @ waitClock|0,4254,0.009137518
Up Clock @ waitClock|0,4256,0.009157250
Up Clock @ waitClock|0,4258,0.009177469
Up Clock @ waitClock|0,4260,0.009197945
Up Clock @ waitClock|0,4262,0.009218514
Up Clock @ waitClock|0,4264,0.009239052
Up Clock @ waitClock|0,4266,0.009259473
Up Clock @ waitClock|0,4268,0.009279713
Up Clock @ waitClock|0,4270,0.009299724
Up Clock @ waitClock|0,4272,0.009319474
Up Clock @ waitClock|0,4274,0.009338940
Up Clock @ waitClock|0,4276,0.009358105
Up Clock @ waitClock|0,4278,0.009376960
Up Clock @ waitClock|0,4280,0.009395497
Up Clock @ waitClock|0,4282,0.009413715
Up Clock @ waitClock|0,4284,0.009431611
Up Clock @ waitClock|0,4286,0.009449186
Up Clock @ waitClock|0,4288,0.009466442
Up Clock @ waitClock|0,4290,0.009483383
Up Clock @ waitClock|0,4292,0.009500010
Up Clock @ waitClock|0,4294,0.009516329
Up Clock @ waitClock|0,4296,0.009532344
Up Clock @ waitClock|0,4298,0.009548058
Up Clock @ waitClock|0,4300,0.009563477
Up Clock @ waitClock|0,4302,0.009578605
Up Clock @ waitClock|0,4304,0.009593447
Up Clock @ waitClock|0,4306,0.009608008
Up Clock @ waitClock|0,4308,0.009622292
Up Clock @ waitClock|0,4310,0.009636304
Up Clock @ waitClock|0,4312,0.009650048
Up Clock @ waitClock|0,4314,0.009663530
Up Clock @ waitClock|0,4316,0.009676754
Up Clock @ waitClock|0,4318,0.009689724
Up Clock @ waitClock|0,4320,0.009702445
